date,price
2004-08-19,50.220219
2004-08-20,54.209208999999994
2004-08-23,54.754753
2004-08-24,52.487488
2004-08-25,53.05305500000001
2004-08-26,54.009009999999996
2004-08-27,53.128128000000004
2004-08-30,51.056057
2004-08-31,51.236237
2004-09-01,50.175175
2004-09-02,50.805805
2004-09-03,50.055054
2004-09-07,50.840839
2004-09-08,51.201202
2004-09-09,51.206207
2004-09-10,52.717716
2004-09-13,53.803802000000005
2004-09-14,55.8008
2004-09-15,56.056056999999996
2004-09-16,57.042042
2004-09-17,58.803802000000005
2004-09-20,59.739738
2004-09-21,58.978977
2004-09-22,59.249249
2004-09-23,60.47047
2004-09-24,59.974976
2004-09-27,59.18919
2004-09-28,63.493492
2004-09-29,65.60560600000001
2004-09-30,64.864868
2004-10-01,66.35635400000001
2004-10-04,67.597595
2004-10-05,69.254257
2004-10-06,68.608612
2004-10-07,69.49449200000001
2004-10-08,68.933937
2004-10-11,67.697701
2004-10-12,68.76876800000001
2004-10-13,70.520523
2004-10-14,71.07106800000001
2004-10-15,72.12712900000001
2004-10-18,74.654655
2004-10-19,74.044044
2004-10-20,70.315315
2004-10-21,74.764763
2004-10-22,86.3013
2004-10-25,93.79379300000001
2004-10-26,90.99099
2004-10-27,93.078079
2004-10-28,96.74675
2004-10-29,95.415413
2004-11-01,98.113113
2004-11-02,97.53253199999999
2004-11-03,95.930931
2004-11-04,92.442444
2004-11-05,84.75975799999999
2004-11-08,86.361359
2004-11-09,84.434433
2004-11-10,84.014015
2004-11-11,91.601601
2004-11-12,91.091087
2004-11-15,92.527527
2004-11-16,86.35635400000001
2004-11-17,86.336334
2004-11-18,83.853851
2004-11-19,84.78478199999999
2004-11-22,82.63262900000001
2004-11-23,83.84384200000001
2004-11-24,87.46746800000001
2004-11-26,89.78478199999999
2004-11-29,90.615616
2004-11-30,91.081078
2004-12-01,90.070068
2004-12-02,89.789787
2004-12-03,90.290291
2004-12-06,88.233231
2004-12-07,85.800804
2004-12-08,85.075073
2004-12-09,86.801804
2004-12-10,85.910912
2004-12-13,85.31031
2004-12-14,89.434433
2004-12-15,89.97998
2004-12-16,88.323326
2004-12-17,90.130127
2004-12-20,92.6026
2004-12-21,91.966965
2004-12-22,93.24324
2004-12-23,94.044044
2004-12-27,96.051048
2004-12-28,96.476479
2004-12-29,96.546547
2004-12-30,98.898895
2004-12-31,96.491493
2005-01-03,101.456459
2005-01-04,97.347351
2005-01-05,96.85185200000001
2005-01-06,94.36936999999999
2005-01-07,97.022018
2005-01-10,97.627625
2005-01-11,96.866867
2005-01-12,97.787788
2005-01-13,97.762764
2005-01-14,100.085083
2005-01-18,102.05205500000001
2005-01-19,98.748749
2005-01-20,97.05705999999999
2005-01-21,94.234238
2005-01-24,90.450447
2005-01-25,88.648651
2005-01-26,94.714714
2005-01-27,94.134132
2005-01-28,95.265266
2005-01-31,97.90790600000001
2005-02-01,96.04604300000001
2005-02-02,103.083084
2005-02-03,105.53553799999999
2005-02-04,102.28228
2005-02-07,98.113113
2005-02-08,99.41941800000001
2005-02-09,95.885887
2005-02-10,94.08408399999999
2005-02-11,93.79379300000001
2005-02-14,96.59159100000001
2005-02-15,97.712715
2005-02-16,99.30430600000001
2005-02-17,99.049049
2005-02-18,99.074074
2005-02-22,95.780777
2005-02-23,97.072075
2005-02-24,94.53954300000001
2005-02-25,93.02803
2005-02-28,94.089088
2005-03-01,93.12312299999999
2005-03-02,92.682686
2005-03-03,93.598602
2005-03-04,93.04304499999999
2005-03-07,94.499496
2005-03-08,92.692696
2005-03-09,90.765762
2005-03-10,90.080078
2005-03-11,88.988991
2005-03-14,87.582581
2005-03-15,89.39439399999999
2005-03-16,87.887886
2005-03-17,89.734734
2005-03-18,90.110107
2005-03-21,90.53053299999999
2005-03-22,89.38938900000001
2005-03-23,89.57958199999999
2005-03-24,89.714714
2005-03-28,90.800804
2005-03-29,89.87487800000001
2005-03-30,90.315315
2005-03-31,90.345345
2005-04-01,90.110107
2005-04-04,92.73774
2005-04-05,94.379379
2005-04-06,94.704704
2005-04-07,96.976974
2005-04-08,96.121124
2005-04-11,96.711708
2005-04-12,97.07708000000001
2005-04-13,96.561562
2005-04-14,95.820824
2005-04-15,92.59259
2005-04-18,93.578575
2005-04-19,95.795799
2005-04-20,99.149147
2005-04-21,102.212212
2005-04-22,108.013016
2005-04-25,111.87687700000001
2005-04-26,109.484482
2005-04-27,110.0
2005-04-28,109.83483100000001
2005-04-29,110.11010700000001
2005-05-02,111.25625600000001
2005-05-03,113.208206
2005-05-04,114.36436499999999
2005-05-05,113.60360700000001
2005-05-06,114.124123
2005-05-09,113.12312299999999
2005-05-10,114.01401499999999
2005-05-11,115.76075700000001
2005-05-12,114.47447199999999
2005-05-13,114.734734
2005-05-16,115.64063999999999
2005-05-17,116.681679
2005-05-18,119.699699
2005-05-19,119.709709
2005-05-20,120.925926
2005-05-23,127.852852
2005-05-24,128.128128
2005-05-25,130.535538
2005-05-26,129.729736
2005-05-27,133.13313300000002
2005-05-31,138.773773
2005-06-01,144.14415
2005-06-02,144.094101
2005-06-03,140.270264
2005-06-06,145.615616
2005-06-07,146.706711
2005-06-08,139.91992199999999
2005-06-09,143.298294
2005-06-10,141.39138799999998
2005-06-13,141.51651
2005-06-14,139.314316
2005-06-15,137.53753700000001
2005-06-16,138.858856
2005-06-17,140.29028300000002
2005-06-20,143.4935
2005-06-21,144.064072
2005-06-22,144.7948
2005-06-23,145.0
2005-06-24,148.773773
2005-06-27,152.202209
2005-06-28,151.151154
2005-06-29,146.5065
2005-06-30,147.222229
2005-07-01,145.770767
2005-07-05,148.003006
2005-07-06,145.905899
2005-07-07,147.917923
2005-07-08,148.26326
2005-07-11,146.821823
2005-07-12,146.03604099999998
2005-07-13,149.579575
2005-07-14,150.595596
2005-07-15,150.745743
2005-07-18,149.91992199999999
2005-07-19,155.105103
2005-07-20,156.156158
2005-07-21,157.127121
2005-07-22,151.351349
2005-07-25,148.073074
2005-07-26,148.19319199999998
2005-07-27,148.613617
2005-07-28,146.896896
2005-07-29,144.024017
2005-08-01,145.950958
2005-08-02,149.744751
2005-08-03,148.798798
2005-08-04,149.01400800000002
2005-08-05,146.32132
2005-08-08,145.770767
2005-08-09,145.930923
2005-08-10,142.982986
2005-08-11,142.16716
2005-08-12,145.005005
2005-08-15,142.14213600000002
2005-08-16,142.967972
2005-08-17,142.69268799999998
2005-08-18,140.135132
2005-08-19,140.140137
2005-08-22,137.14213600000002
2005-08-23,139.929932
2005-08-24,141.426422
2005-08-25,141.436432
2005-08-26,141.931931
2005-08-29,144.36937
2005-08-30,143.77877800000002
2005-08-31,143.14314299999998
2005-09-01,143.26826499999999
2005-09-02,144.36937
2005-09-06,143.6987
2005-09-07,147.582581
2005-09-08,147.84285
2005-09-09,149.694702
2005-09-12,155.025024
2005-09-13,155.996002
2005-09-14,151.651657
2005-09-15,151.461456
2005-09-16,150.25024399999998
2005-09-19,152.047043
2005-09-20,154.109116
2005-09-21,156.10611
2005-09-22,155.84083600000002
2005-09-23,157.837845
2005-09-26,157.297302
2005-09-27,157.127121
2005-09-28,153.153152
2005-09-29,154.964966
2005-09-30,158.388382
2005-10-03,159.499496
2005-10-04,155.655655
2005-10-05,155.51051299999997
2005-10-06,156.531525
2005-10-07,156.651657
2005-10-10,155.48048400000002
2005-10-11,153.203201
2005-10-12,150.635635
2005-10-13,148.868866
2005-10-14,148.21821599999998
2005-10-17,152.652649
2005-10-18,151.79179399999998
2005-10-19,154.504501
2005-10-20,151.751755
2005-10-21,170.120117
2005-10-24,174.499496
2005-10-25,173.628632
2005-10-26,177.897903
2005-10-27,176.706711
2005-10-28,179.264267
2005-10-31,186.256256
2005-11-01,189.879883
2005-11-02,190.030029
2005-11-03,193.16816699999998
2005-11-04,195.410416
2005-11-07,197.71270800000002
2005-11-08,195.145142
2005-11-09,189.764771
2005-11-10,195.745743
2005-11-11,195.395401
2005-11-14,198.683685
2005-11-15,196.59660300000002
2005-11-16,199.274277
2005-11-17,201.926926
2005-11-18,200.305298
2005-11-21,204.884888
2005-11-22,208.443451
2005-11-23,211.64164700000003
2005-11-25,214.524521
2005-11-28,211.95195
2005-11-29,201.97197
2005-11-30,202.657654
2005-12-01,207.252258
2005-12-02,209.059052
2005-12-05,203.128128
2005-12-06,202.472473
2005-12-07,202.31231699999998
2005-12-08,205.53053300000002
2005-12-09,204.80481
2005-12-12,206.511505
2005-12-13,208.953949
2005-12-14,209.689697
2005-12-15,211.486481
2005-12-16,215.29028300000002
2005-12-19,212.51251200000002
2005-12-20,215.085083
2005-12-21,213.378372
2005-12-22,216.23623700000002
2005-12-23,215.680679
2005-12-27,212.53253199999997
2005-12-28,213.558563
2005-12-29,210.28527799999998
2005-12-30,207.63763400000002
2006-01-03,217.83284
2006-01-04,222.84285
2006-01-05,225.84583999999998
2006-01-06,233.063065
2006-01-09,233.683685
2006-01-10,235.115112
2006-01-11,236.05105600000002
2006-01-12,232.04704300000003
2006-01-13,233.35835299999997
2006-01-17,233.78878799999998
2006-01-18,222.677673
2006-01-19,218.44345099999998
2006-01-20,199.929932
2006-01-23,213.963959
2006-01-24,221.73674
2006-01-25,216.716721
2006-01-26,217.35235600000001
2006-01-27,216.96196
2006-01-30,213.623627
2006-01-31,216.54653900000002
2006-02-01,201.091095
2006-02-02,198.21821599999998
2006-02-03,190.965973
2006-02-06,192.742737
2006-02-07,184.14415
2006-02-08,184.72473100000002
2006-02-09,179.56456
2006-02-10,181.486481
2006-02-13,173.023026
2006-02-14,171.83183300000002
2006-02-15,171.36135900000002
2006-02-16,183.413406
2006-02-17,184.55955500000002
2006-02-21,183.478485
2006-02-22,182.927933
2006-02-23,189.224228
2006-02-24,188.88888500000002
2006-02-27,195.385391
2006-02-28,181.491486
2006-03-01,182.582581
2006-03-02,188.413406
2006-03-03,189.279282
2006-03-06,184.23423799999998
2006-03-07,182.40741
2006-03-08,177.11711100000002
2006-03-09,171.671677
2006-03-10,168.918915
2006-03-13,168.6987
2006-03-14,175.755753
2006-03-15,172.422424
2006-03-16,169.55455
2006-03-17,170.06506299999998
2006-03-20,174.269272
2006-03-21,170.13012700000002
2006-03-22,170.280273
2006-03-23,171.116119
2006-03-24,183.083084
2006-03-27,185.030029
2006-03-28,188.78878799999998
2006-03-29,197.68768300000002
2006-03-30,194.414413
2006-03-31,195.19519
2006-04-03,195.045044
2006-04-04,202.372375
2006-04-05,204.199203
2006-04-06,205.795792
2006-04-07,203.283279
2006-04-10,208.398392
2006-04-11,205.035034
2006-04-12,204.679672
2006-04-13,201.281281
2006-04-17,203.613617
2006-04-18,202.322327
2006-04-19,205.45546000000002
2006-04-20,207.707703
2006-04-21,218.76876800000002
2006-04-24,220.47047400000002
2006-04-25,213.79379300000002
2006-04-26,213.198196
2006-04-27,210.22522
2006-04-28,209.17918400000002
2006-05-01,199.649643
2006-05-02,197.59759499999998
2006-05-03,197.282288
2006-05-04,197.57257099999998
2006-05-05,197.347351
2006-05-08,197.58758500000002
2006-05-09,204.604599
2006-05-10,201.691696
2006-05-11,193.693695
2006-05-12,187.252258
2006-05-15,188.288284
2006-05-16,185.835831
2006-05-17,187.43743899999998
2006-05-18,185.680679
2006-05-19,185.19519
2006-05-22,185.66066
2006-05-23,187.977982
2006-05-24,190.815811
2006-05-25,191.686691
2006-05-26,190.86586
2006-05-30,186.156158
2006-05-31,186.0961
2006-06-01,191.501495
2006-06-02,189.90991200000002
2006-06-05,187.40741
2006-06-06,195.190186
2006-06-07,193.448456
2006-06-08,196.846848
2006-06-09,193.478485
2006-06-12,190.96096799999998
2006-06-13,193.453461
2006-06-14,192.38738999999998
2006-06-15,195.695694
2006-06-16,195.545547
2006-06-19,194.264267
2006-06-20,193.77877800000002
2006-06-21,201.266266
2006-06-22,200.175171
2006-06-23,202.632629
2006-06-26,202.31231699999998
2006-06-27,201.36135900000002
2006-06-28,203.258255
2006-06-29,209.11411999999999
2006-06-30,209.87487799999997
2006-07-03,211.811813
2006-07-05,210.940948
2006-07-06,211.80680800000002
2006-07-07,210.43544
2006-07-10,209.309311
2006-07-11,212.49249300000002
2006-07-12,208.833832
2006-07-13,204.61961399999998
2006-07-14,201.95195
2006-07-17,204.149155
2006-07-18,201.72673
2006-07-19,199.69970700000002
2006-07-20,193.75375400000001
2006-07-21,195.25024399999998
2006-07-24,195.645645
2006-07-25,194.874878
2006-07-26,192.942947
2006-07-27,191.39138799999998
2006-07-28,194.254257
2006-07-31,193.4935
2006-08-01,187.942947
2006-08-02,183.798798
2006-08-03,187.88288899999998
2006-08-04,187.112106
2006-08-07,189.164169
2006-08-08,190.690689
2006-08-09,188.65866100000002
2006-08-10,187.28729199999998
2006-08-11,184.434433
2006-08-14,184.899902
2006-08-15,190.675674
2006-08-16,194.054047
2006-08-17,193.093094
2006-08-18,191.871872
2006-08-21,188.838837
2006-08-22,189.334335
2006-08-23,186.901901
2006-08-24,187.05204799999998
2006-08-25,186.81681799999998
2006-08-28,190.665665
2006-08-29,189.664658
2006-08-30,190.565567
2006-08-31,189.454453
2006-09-01,189.48948700000003
2006-09-05,192.372375
2006-09-06,190.260254
2006-09-07,189.434433
2006-09-08,189.11411999999999
2006-09-11,192.237244
2006-09-12,196.146149
2006-09-13,203.488495
2006-09-14,202.1922
2006-09-15,205.145142
2006-09-18,207.552551
2006-09-19,202.107101
2006-09-20,198.6987
2006-09-21,203.628632
2006-09-22,202.09208700000002
2006-09-25,202.1922
2006-09-26,203.63864099999998
2006-09-27,201.661667
2006-09-28,201.991989
2006-09-29,201.151154
2006-10-02,200.92091399999998
2006-10-03,202.222229
2006-10-04,208.05806
2006-10-05,206.11111499999998
2006-10-06,210.460464
2006-10-09,214.71472200000002
2006-10-10,213.538544
2006-10-11,213.46347000000003
2006-10-12,213.933929
2006-10-13,213.86386099999999
2006-10-16,211.08608999999998
2006-10-17,210.53053300000002
2006-10-18,209.86486800000003
2006-10-19,213.24324
2006-10-20,230.06506299999998
2006-10-23,240.63062999999997
2006-10-24,236.89189100000002
2006-10-25,243.543549
2006-10-26,242.79278599999998
2006-10-27,237.83784500000002
2006-10-30,238.523529
2006-10-31,238.43342599999997
2006-11-01,233.98397799999998
2006-11-02,235.19018599999998
2006-11-03,236.13613900000001
2006-11-06,238.71371499999998
2006-11-07,236.521515
2006-11-08,237.737732
2006-11-09,236.551544
2006-11-10,237.01200899999998
2006-11-13,240.75575299999997
2006-11-14,244.89489700000001
2006-11-15,246.21121200000002
2006-11-16,248.198196
2006-11-17,249.644638
2006-11-20,247.77276600000002
2006-11-21,255.080078
2006-11-22,254.259262
2006-11-24,252.75274700000003
2006-11-27,242.617615
2006-11-28,244.99499500000002
2006-11-29,242.56756600000003
2006-11-30,242.64764399999999
2006-12-01,240.64064
2006-12-04,242.667664
2006-12-05,243.743744
2006-12-06,244.599594
2006-12-07,241.561554
2006-12-08,242.297302
2006-12-11,242.20721400000002
2006-12-12,241.13113399999997
2006-12-13,239.734741
2006-12-14,241.3013
2006-12-15,240.390396
2006-12-18,231.63163799999998
2006-12-19,234.54954500000002
2006-12-20,231.68168599999998
2006-12-21,228.328323
2006-12-22,228.018021
2006-12-26,228.993988
2006-12-27,234.249252
2006-12-28,231.51150499999997
2006-12-29,230.47047400000002
2007-01-03,234.02902200000003
2007-01-04,241.87187200000002
2007-01-05,243.838837
2007-01-08,242.03202799999997
2007-01-09,242.992996
2007-01-10,244.97497599999997
2007-01-11,250.11010699999997
2007-01-12,252.75274700000003
2007-01-16,252.39239500000002
2007-01-17,248.88888500000002
2007-01-18,244.159164
2007-01-19,245.120117
2007-01-22,240.66066
2007-01-23,239.764771
2007-01-24,249.78479
2007-01-25,244.28929100000002
2007-01-26,248.16816699999998
2007-01-29,246.481476
2007-01-30,247.40741
2007-01-31,251.001007
2007-02-01,241.116119
2007-02-02,240.99099700000002
2007-02-05,233.813812
2007-02-06,235.975983
2007-02-07,235.240234
2007-02-08,235.750748
2007-02-09,231.176178
2007-02-12,229.37437400000002
2007-02-13,229.779785
2007-02-14,233.198196
2007-02-15,230.965973
2007-02-16,235.2052
2007-02-20,236.28628500000002
2007-02-21,238.16816699999998
2007-02-22,238.163162
2007-02-23,235.54554700000003
2007-02-26,232.69769300000002
2007-02-27,224.609604
2007-02-28,224.94995099999997
2007-03-01,224.33934
2007-03-02,219.559555
2007-03-05,220.695694
2007-03-06,229.003998
2007-03-07,228.04805
2007-03-08,227.58758500000002
2007-03-09,226.70671099999998
2007-03-12,227.6026
2007-03-13,221.73674
2007-03-14,224.22422799999998
2007-03-15,223.31831400000002
2007-03-16,220.64564500000003
2007-03-19,223.838837
2007-03-20,222.862869
2007-03-21,228.50351
2007-03-22,231.25125099999997
2007-03-23,231.146149
2007-03-26,232.732727
2007-03-27,232.042038
2007-03-28,231.171173
2007-03-29,230.69068900000002
2007-03-30,229.30931099999998
2007-04-02,229.49449199999998
2007-04-03,236.53652999999997
2007-04-04,235.745743
2007-04-05,235.99099700000002
2007-04-09,234.33934
2007-04-10,233.48349
2007-04-11,232.497498
2007-04-12,233.928925
2007-04-13,233.378372
2007-04-16,237.372375
2007-04-17,236.636642
2007-04-18,238.24324
2007-04-19,236.061066
2007-04-20,241.481476
2007-04-23,239.779785
2007-04-24,239.003998
2007-04-25,239.23423799999998
2007-04-26,240.83082599999997
2007-04-27,239.74475099999998
2007-04-30,235.925919
2007-05-01,234.734741
2007-05-02,233.123123
2007-05-03,236.851852
2007-05-04,235.795792
2007-05-07,233.86886600000003
2007-05-08,233.638641
2007-05-09,234.859863
2007-05-10,230.965973
2007-05-11,233.60360699999998
2007-05-14,231.121124
2007-05-15,229.229233
2007-05-16,236.54153399999998
2007-05-17,235.71571400000002
2007-05-18,235.39540099999996
2007-05-21,235.535538
2007-05-22,238.16816699999998
2007-05-23,237.222229
2007-05-24,237.402405
2007-05-25,242.001999
2007-05-29,243.798798
2007-05-30,249.54954500000002
2007-05-31,249.204208
2007-06-01,250.45045499999998
2007-06-04,253.78878799999998
2007-06-05,259.679688
2007-06-06,259.38439900000003
2007-06-07,257.787781
2007-06-08,258.002991
2007-06-11,255.925919
2007-06-12,252.637634
2007-06-13,252.872879
2007-06-14,251.671677
2007-06-15,253.198196
2007-06-18,257.85784900000004
2007-06-19,257.412415
2007-06-20,255.240234
2007-06-21,257.312317
2007-06-22,262.752747
2007-06-25,263.973969
2007-06-26,265.395386
2007-06-27,263.408417
2007-06-28,262.767761
2007-06-29,261.611603
2007-07-02,265.455444
2007-07-03,267.43743900000004
2007-07-05,271.08609
2007-07-06,269.969971
2007-07-09,271.551544
2007-07-10,271.941956
2007-07-11,272.507507
2007-07-12,272.937927
2007-07-13,276.356354
2007-07-16,276.771759
2007-07-17,277.777771
2007-07-18,275.02502400000003
2007-07-19,274.56958
2007-07-20,260.320313
2007-07-23,256.511505
2007-07-24,257.25726299999997
2007-07-25,255.13513199999997
2007-07-26,254.254257
2007-07-27,256.201202
2007-07-30,258.313324
2007-07-31,255.25524900000002
2007-08-01,256.726715
2007-08-02,255.76075699999998
2007-08-03,251.75175499999997
2007-08-06,255.25524900000002
2007-08-07,258.26828
2007-08-08,263.153168
2007-08-09,257.62262000000004
2007-08-10,258.133148
2007-08-13,258.007996
2007-08-14,254.55455
2007-08-15,249.024017
2007-08-16,246.006012
2007-08-17,250.27026400000003
2007-08-20,249.20921299999998
2007-08-21,253.558563
2007-08-22,256.631622
2007-08-23,256.351349
2007-08-24,257.757751
2007-08-27,256.886902
2007-08-28,253.45346099999998
2007-08-29,256.696686
2007-08-30,255.955963
2007-08-31,257.882874
2007-09-04,262.83783
2007-09-05,264.164154
2007-09-06,262.02203399999996
2007-09-07,259.934937
2007-09-10,257.497498
2007-09-11,260.925934
2007-09-12,261.586578
2007-09-13,262.652649
2007-09-14,264.639648
2007-09-17,262.912903
2007-09-18,267.902893
2007-09-19,273.6987
2007-09-20,276.691681
2007-09-21,280.330322
2007-09-24,284.294281
2007-09-25,284.78479
2007-09-26,284.364349
2007-09-27,284.034027
2007-09-28,283.91891499999997
2007-10-01,291.566559
2007-10-02,292.487488
2007-10-03,292.302307
2007-10-04,289.80481000000003
2007-10-05,297.32232700000003
2007-10-08,305.115112
2007-10-09,307.89788799999997
2007-10-10,313.007996
2007-10-11,311.31131
2007-10-12,319.014008
2007-10-15,310.365356
2007-10-16,308.308319
2007-10-17,317.057068
2007-10-18,320.130127
2007-10-19,322.67767299999997
2007-10-22,325.700714
2007-10-23,338.223236
2007-10-24,338.24826
2007-10-25,334.5896
2007-10-26,337.637634
2007-10-29,339.954956
2007-10-30,347.732727
2007-10-31,353.85385099999996
2007-11-01,351.95697
2007-11-02,355.98098799999997
2007-11-05,363.188202
2007-11-06,371.26626600000003
2007-11-07,366.836823
2007-11-08,347.267273
2007-11-09,332.31732200000005
2007-11-12,316.351349
2007-11-13,330.605591
2007-11-14,321.161163
2007-11-15,315.14013700000004
2007-11-16,317.132141
2007-11-19,313.238251
2007-11-20,324.594604
2007-11-21,330.590576
2007-11-23,338.68869
2007-11-26,333.333344
2007-11-27,337.122131
2007-11-28,346.476471
2007-11-29,348.848846
2007-11-30,346.846832
2007-12-03,341.10611
2007-12-04,342.42242400000003
2007-12-05,349.604614
2007-12-06,357.987976
2007-12-07,357.792786
2007-12-10,359.56958
2007-12-11,349.949951
2007-12-12,350.02502400000003
2007-12-13,347.372375
2007-12-14,345.325317
2007-12-17,334.949951
2007-12-18,337.012024
2007-12-19,339.024017
2007-12-20,345.190186
2007-12-21,348.693695
2007-12-24,350.715729
2007-12-26,355.77578700000004
2007-12-27,350.720734
2007-12-28,351.616608
2007-12-31,346.08609
2008-01-02,342.937927
2008-01-03,343.007996
2008-01-04,328.828827
2008-01-07,324.949951
2008-01-08,316.156158
2008-01-09,326.926941
2008-01-10,323.68869
2008-01-11,319.444458
2008-01-14,327.237244
2008-01-15,319.144135
2008-01-16,308.283295
2008-01-17,300.69570899999997
2008-01-18,300.425415
2008-01-22,292.467468
2008-01-23,274.58459500000004
2008-01-24,287.532532
2008-01-25,283.48349
2008-01-28,278.26828
2008-01-29,275.535522
2008-01-30,274.409424
2008-01-31,282.432434
2008-02-01,258.208221
2008-02-04,247.962967
2008-02-05,253.653656
2008-02-06,251.10611
2008-02-07,252.72772200000003
2008-02-08,258.603607
2008-02-11,260.840851
2008-02-12,259.30429100000003
2008-02-13,267.57757599999997
2008-02-14,266.391388
2008-02-15,265.085083
2008-02-19,254.72973599999997
2008-02-20,254.75476099999997
2008-02-21,251.68168599999998
2008-02-22,254.15416000000002
2008-02-25,243.46347000000003
2008-02-26,232.32733199999998
2008-02-27,236.66667200000003
2008-02-28,237.93293799999998
2008-02-29,235.825821
2008-03-03,228.738739
2008-03-04,222.522522
2008-03-05,224.074081
2008-03-06,216.56657400000003
2008-03-07,216.89189100000002
2008-03-10,207.017014
2008-03-11,220.140137
2008-03-12,220.31030299999998
2008-03-13,221.72672999999998
2008-03-14,219.179184
2008-03-17,210.145142
2008-03-18,219.799805
2008-03-19,216.216217
2008-03-20,216.99198900000002
2008-03-24,230.51051299999997
2008-03-25,225.61561600000002
2008-03-26,229.32432599999999
2008-03-27,222.262268
2008-03-28,219.259262
2008-03-31,220.45546000000002
2008-04-01,233.08808900000002
2008-04-02,233.08308399999999
2008-04-03,227.787781
2008-04-04,235.780777
2008-04-07,238.64865099999997
2008-04-08,234.139145
2008-04-09,232.32733199999998
2008-04-10,234.77478
2008-04-11,228.95394900000002
2008-04-14,226.056061
2008-04-15,223.643646
2008-04-16,227.742737
2008-04-17,224.99499500000002
2008-04-18,269.97497599999997
2008-04-21,269.164154
2008-04-22,277.777771
2008-04-23,273.518524
2008-04-24,271.791779
2008-04-25,272.302307
2008-04-28,276.33633399999997
2008-04-29,279.514526
2008-04-30,287.432434
2008-05-01,296.836823
2008-05-02,290.935944
2008-05-05,297.747742
2008-05-06,293.47348
2008-05-07,289.789795
2008-05-08,291.796783
2008-05-09,286.886902
2008-05-12,292.762756
2008-05-13,291.791779
2008-05-14,288.438446
2008-05-15,290.790802
2008-05-16,290.325317
2008-05-19,289.049042
2008-05-20,289.5896
2008-05-21,275.270264
2008-05-22,275.005005
2008-05-23,272.582581
2008-05-27,280.730743
2008-05-28,284.404419
2008-05-29,291.791779
2008-05-30,293.193207
2008-06-02,287.787781
2008-06-03,283.933929
2008-06-04,286.396393
2008-06-05,293.443451
2008-06-06,283.783783
2008-06-09,279.214203
2008-06-10,277.362366
2008-06-11,272.872864
2008-06-12,276.75174
2008-06-13,286.041046
2008-06-16,286.691681
2008-06-17,285.015015
2008-06-18,281.471466
2008-06-19,280.38037099999997
2008-06-20,273.488495
2008-06-23,272.877869
2008-06-24,271.421417
2008-06-25,275.77578700000004
2008-06-26,264.674683
2008-06-27,264.299286
2008-06-30,263.47348
2008-07-01,267.632629
2008-07-02,263.783783
2008-07-03,268.768768
2008-07-07,272.227234
2008-07-08,277.54254199999997
2008-07-09,271.046051
2008-07-10,270.555542
2008-07-11,267.167175
2008-07-14,261.071075
2008-07-15,258.303314
2008-07-16,268.068054
2008-07-17,266.987
2008-07-18,240.900894
2008-07-21,234.634628
2008-07-22,238.79379300000002
2008-07-23,244.854858
2008-07-24,238.04805
2008-07-25,246.23623700000002
2008-07-28,238.798798
2008-07-29,241.79679900000002
2008-07-30,241.59159900000003
2008-07-31,237.112106
2008-08-01,234.164169
2008-08-04,231.73173500000001
2008-08-05,240.16516099999998
2008-08-06,243.413406
2008-08-07,239.799805
2008-08-08,247.75274700000003
2008-08-11,250.67067000000003
2008-08-12,251.55654900000002
2008-08-13,250.265259
2008-08-14,252.998001
2008-08-15,255.33033799999998
2008-08-18,249.39939900000002
2008-08-19,245.49549900000002
2008-08-20,242.742737
2008-08-21,243.50851400000002
2008-08-22,245.540543
2008-08-25,241.74675
2008-08-26,237.31732200000002
2008-08-27,234.524521
2008-08-28,237.127121
2008-08-29,231.876877
2008-09-02,232.857864
2008-09-03,232.437439
2008-09-04,225.355362
2008-09-05,222.34735099999997
2008-09-08,210.185181
2008-09-09,209.539536
2008-09-10,207.28729199999998
2008-09-11,217.09208700000002
2008-09-12,219.049042
2008-09-15,217.147141
2008-09-16,221.68669100000002
2008-09-17,207.45245400000002
2008-09-18,219.759766
2008-09-19,224.799805
2008-09-22,215.28527799999998
2008-09-23,214.849854
2008-09-24,217.77276600000002
2008-09-25,220.02002000000002
2008-09-26,215.735733
2008-09-29,190.690689
2008-09-30,200.460464
2008-10-01,206.066071
2008-10-02,195.44044499999998
2008-10-03,193.648651
2008-10-06,185.79078700000002
2008-10-07,173.178177
2008-10-08,169.224228
2008-10-09,164.654648
2008-10-10,166.166168
2008-10-13,190.700699
2008-10-14,181.53653
2008-10-15,169.754761
2008-10-16,176.686691
2008-10-17,186.456451
2008-10-20,189.849854
2008-10-21,181.556549
2008-10-22,178.013016
2008-10-23,176.33633400000002
2008-10-24,169.814819
2008-10-27,164.90991200000002
2008-10-28,184.55955500000002
2008-10-29,179.17918400000002
2008-10-30,180.025024
2008-10-31,179.859863
2008-11-03,173.41841100000002
2008-11-04,183.653656
2008-11-05,171.29129
2008-11-06,165.775772
2008-11-07,165.735733
2008-11-10,159.549545
2008-11-11,155.88588000000001
2008-11-12,145.645645
2008-11-13,156.196198
2008-11-14,155.165161
2008-11-17,150.210205
2008-11-18,148.858856
2008-11-19,140.230225
2008-11-20,129.90991200000002
2008-11-21,131.346344
2008-11-24,128.848846
2008-11-25,141.166168
2008-11-26,146.191193
2008-11-28,146.626633
2008-12-01,133.128128
2008-12-02,137.69268799999998
2008-12-03,139.854858
2008-12-04,137.30731200000002
2008-12-05,142.137131
2008-12-08,151.206207
2008-12-09,153.138138
2008-12-10,154.56456
2008-12-11,150.260254
2008-12-12,158.03804
2008-12-15,155.49049399999998
2008-12-16,162.802795
2008-12-17,157.777771
2008-12-18,155.295288
2008-12-19,155.24023400000002
2008-12-22,148.703705
2008-12-23,149.15916399999998
2008-12-24,151.626633
2008-12-26,150.33033799999998
2008-12-29,148.858856
2008-12-30,151.706711
2008-12-31,153.978973
2009-01-02,160.82081599999998
2009-01-05,164.189194
2009-01-06,167.197205
2009-01-07,161.166168
2009-01-08,162.757751
2009-01-09,157.69268799999998
2009-01-12,156.501495
2009-01-13,157.317322
2009-01-14,150.635635
2009-01-15,149.644638
2009-01-16,149.98498500000002
2009-01-20,141.51651
2009-01-21,151.691696
2009-01-22,153.40339699999998
2009-01-23,162.51251200000002
2009-01-26,162.097092
2009-01-27,165.905899
2009-01-28,174.50950600000002
2009-01-29,171.83183300000002
2009-01-30,169.434433
2009-02-02,170.45546000000002
2009-02-03,170.395401
2009-02-04,171.671677
2009-02-05,177.037033
2009-02-06,185.825821
2009-02-09,189.57457
2009-02-10,179.434433
2009-02-11,179.199203
2009-02-12,181.706711
2009-02-13,179.019012
2009-02-17,171.501495
2009-02-18,176.73173500000001
2009-02-19,171.491486
2009-02-20,173.398392
2009-02-23,165.19519
2009-02-24,172.897903
2009-02-25,170.990997
2009-02-26,168.758759
2009-02-27,169.164169
2009-03-02,163.743744
2009-03-03,162.902908
2009-03-04,159.61961399999998
2009-03-05,152.97297700000001
2009-03-06,154.439438
2009-03-09,145.590591
2009-03-10,154.239243
2009-03-11,159.11411999999999
2009-03-12,161.926926
2009-03-13,162.372375
2009-03-16,160.005005
2009-03-17,167.837845
2009-03-18,166.716721
2009-03-19,165.135132
2009-03-20,165.245239
2009-03-23,174.474472
2009-03-24,173.758759
2009-03-25,172.207214
2009-03-26,176.821823
2009-03-27,174.024017
2009-03-30,171.51651
2009-03-31,174.204208
2009-04-01,177.222229
2009-04-02,181.431427
2009-04-03,185.075073
2009-04-06,184.304306
2009-04-07,179.504501
2009-04-08,181.181183
2009-04-09,186.436432
2009-04-13,189.244247
2009-04-14,184.639633
2009-04-15,189.939941
2009-04-16,194.56456
2009-04-17,196.316315
2009-04-20,189.839844
2009-04-21,190.925919
2009-04-22,192.122116
2009-04-23,192.53753700000001
2009-04-24,194.939941
2009-04-27,193.16816699999998
2009-04-28,192.047043
2009-04-29,195.930923
2009-04-30,198.18318200000002
2009-05-01,197.042038
2009-05-04,201.191193
2009-05-05,201.696701
2009-05-06,201.936935
2009-05-07,198.50351
2009-05-08,203.868866
2009-05-11,204.194199
2009-05-12,199.704712
2009-05-13,194.964966
2009-05-14,193.943939
2009-05-15,195.19519
2009-05-18,198.618622
2009-05-19,199.639633
2009-05-20,198.78878799999998
2009-05-21,198.448456
2009-05-22,196.946945
2009-05-26,202.382385
2009-05-27,202.982986
2009-05-28,205.40541100000002
2009-05-29,208.823822
2009-06-01,213.4935
2009-06-02,214.414413
2009-06-03,216.041046
2009-06-04,220.360367
2009-06-05,222.382385
2009-06-08,219.60459900000004
2009-06-09,218.02802999999997
2009-06-10,216.51651
2009-06-11,214.71472200000002
2009-06-12,212.632629
2009-06-15,208.593597
2009-06-16,208.20820600000002
2009-06-17,207.787781
2009-06-18,207.237244
2009-06-19,210.25524900000002
2009-06-22,203.878876
2009-06-23,203.043045
2009-06-24,204.849854
2009-06-25,208.093094
2009-06-26,212.872879
2009-06-29,212.282288
2009-06-30,211.006012
2009-07-01,209.704712
2009-07-02,204.449448
2009-07-06,205.01001000000002
2009-07-07,198.513519
2009-07-08,201.446442
2009-07-09,205.400406
2009-07-10,207.40741
2009-07-13,212.362366
2009-07-14,212.557556
2009-07-15,219.304306
2009-07-16,221.521515
2009-07-17,215.340347
2009-07-20,215.300293
2009-07-21,214.164169
2009-07-22,214.059052
2009-07-23,218.88888500000002
2009-07-24,223.583588
2009-07-27,222.62262
2009-07-28,220.145142
2009-07-29,218.338333
2009-07-30,223.043045
2009-07-31,221.74675
2009-08-03,226.331329
2009-08-04,227.09208700000002
2009-08-05,225.795792
2009-08-06,225.405411
2009-08-07,228.778778
2009-08-10,228.53353900000002
2009-08-11,227.19720499999997
2009-08-12,229.519516
2009-08-13,231.37136800000002
2009-08-14,230.230225
2009-08-17,222.667664
2009-08-18,222.862869
2009-08-19,222.20721400000002
2009-08-20,230.43544
2009-08-21,232.852859
2009-08-24,234.599594
2009-08-25,235.920914
2009-08-26,234.23423799999998
2009-08-27,233.26326
2009-08-28,232.60760499999998
2009-08-31,231.066071
2009-09-01,228.10810899999998
2009-09-02,226.73173500000001
2009-09-03,228.98898300000002
2009-09-04,230.880875
2009-09-08,229.539536
2009-09-09,232.21722400000002
2009-09-10,235.705704
2009-09-11,236.30630499999998
2009-09-14,237.79779100000002
2009-09-15,239.00900299999998
2009-09-16,244.38938900000002
2009-09-17,246.10611
2009-09-18,245.975983
2009-09-21,248.74874900000003
2009-09-22,249.779785
2009-09-23,249.479477
2009-09-24,248.633636
2009-09-25,246.486481
2009-09-28,249.514511
2009-09-29,249.514511
2009-09-30,248.17317200000002
2009-10-01,243.843842
2009-10-02,242.53253199999997
2009-10-05,244.50450099999998
2009-10-06,249.619614
2009-10-07,259.029022
2009-10-08,257.347351
2009-10-09,258.383392
2009-10-12,262.282288
2009-10-13,263.318329
2009-10-14,267.927917
2009-10-15,265.220215
2009-10-16,275.200195
2009-10-19,276.32132
2009-10-20,276.136139
2009-10-21,275.825836
2009-10-22,277.32232700000003
2009-10-23,277.122131
2009-10-26,277.382385
2009-10-27,274.41943399999997
2009-10-28,270.42041
2009-10-29,275.800812
2009-10-30,268.328339
2009-11-02,267.262268
2009-11-03,268.91391
2009-11-04,270.435425
2009-11-05,274.599609
2009-11-06,275.825836
2009-11-09,281.53652999999997
2009-11-10,283.66366600000003
2009-11-11,285.565552
2009-11-12,284.209198
2009-11-13,286.31131
2009-11-16,288.428436
2009-11-17,289.034027
2009-11-18,288.613617
2009-11-19,286.781769
2009-11-20,285.26525899999996
2009-11-23,291.466461
2009-11-24,291.836823
2009-11-25,293.163177
2009-11-27,290.170166
2009-11-30,291.791779
2009-12-01,295.230225
2009-12-02,294.049042
2009-12-03,293.163177
2009-12-04,292.797791
2009-12-07,293.418427
2009-12-08,293.81881699999997
2009-12-09,294.80481000000003
2009-12-10,296.046051
2009-12-11,295.550537
2009-12-14,298.163177
2009-12-15,296.866852
2009-12-16,299.179169
2009-12-17,297.267273
2009-12-18,298.508514
2009-12-21,299.639648
2009-12-22,300.86087000000003
2009-12-23,306.14614900000004
2009-12-24,309.549561
2009-12-28,311.746735
2009-12-29,310.01001
2009-12-30,311.676666
2009-12-31,310.300293
2010-01-04,313.68869
2010-01-05,312.307312
2010-01-06,304.434448
2010-01-07,297.347351
2010-01-08,301.31131
2010-01-11,300.855865
2010-01-12,295.535522
2010-01-13,293.838837
2010-01-14,295.220215
2010-01-15,290.290283
2010-01-19,294.10409500000003
2010-01-20,290.49548300000004
2010-01-21,291.781769
2010-01-22,275.280273
2010-01-25,270.270264
2010-01-26,271.481476
2010-01-27,271.32132
2010-01-28,267.412415
2010-01-29,265.235229
2010-02-01,266.776764
2010-02-02,265.825836
2010-02-03,270.680695
2010-02-04,263.653656
2010-02-05,265.910919
2010-02-08,267.00201400000003
2010-02-09,268.488495
2010-02-10,267.492493
2010-02-11,268.468475
2010-02-12,266.826813
2010-02-16,270.920929
2010-02-17,269.37435899999997
2010-02-18,271.88189700000004
2010-02-19,270.650665
2010-02-22,271.671661
2010-02-23,267.802795
2010-02-24,266.00100699999996
2010-02-25,263.47848500000003
2010-02-26,263.66366600000003
2010-03-01,266.611603
2010-03-02,270.800812
2010-03-03,272.932922
2010-03-04,277.572571
2010-03-05,282.38739
2010-03-08,281.52151499999997
2010-03-09,280.37536600000004
2010-03-10,288.513519
2010-03-11,290.86087000000003
2010-03-12,290.06005899999997
2010-03-15,281.871857
2010-03-16,282.882874
2010-03-17,283.06304900000003
2010-03-18,283.48349
2010-03-19,280.280273
2010-03-22,279.029022
2010-03-23,274.77477999999996
2010-03-24,278.943939
2010-03-25,281.72171000000003
2010-03-26,281.626617
2010-03-29,281.5065
2010-03-30,283.638641
2010-03-31,283.843842
2010-04-01,284.684692
2010-04-05,285.790802
2010-04-06,284.394409
2010-04-07,282.052063
2010-04-08,284.029022
2010-04-09,283.393402
2010-04-12,286.651642
2010-04-13,293.67868
2010-04-14,294.7948
2010-04-15,297.947937
2010-04-16,275.350342
2010-04-19,275.325317
2010-04-20,277.797791
2010-04-21,277.427429
2010-04-22,273.803802
2010-04-23,272.767761
2010-04-26,266.08609
2010-04-27,264.7948
2010-04-28,264.85986299999996
2010-04-29,266.26626600000003
2010-04-30,263.113098
2010-05-03,265.565552
2010-05-04,253.438446
2010-05-05,255.13513199999997
2010-05-06,249.584579
2010-05-07,246.816818
2010-05-10,261.08609
2010-05-11,254.779785
2010-05-12,252.94795200000002
2010-05-13,255.695694
2010-05-14,254.019012
2010-05-17,254.23924300000002
2010-05-18,249.434433
2010-05-19,247.46246299999999
2010-05-20,237.742737
2010-05-21,236.261261
2010-05-24,238.818817
2010-05-25,238.773773
2010-05-26,237.97297700000001
2010-05-27,245.475479
2010-05-28,243.05806
2010-06-01,241.42642200000003
2010-06-02,246.931931
2010-06-03,253.05305499999997
2010-06-04,249.609604
2010-06-07,243.003006
2010-06-08,242.632629
2010-06-09,237.24725299999997
2010-06-10,243.74874900000003
2010-06-11,244.49449199999998
2010-06-14,241.836838
2010-06-15,249.24424700000003
2010-06-16,250.88588
2010-06-17,250.29028300000002
2010-06-18,250.265259
2010-06-21,244.524521
2010-06-22,243.36836200000002
2010-06-23,241.266266
2010-06-24,237.787781
2010-06-25,236.576584
2010-06-28,236.27627599999997
2010-06-29,227.357361
2010-06-30,222.69769300000002
2010-07-01,219.964966
2010-07-02,218.4935
2010-07-06,218.25325
2010-07-07,225.325333
2010-07-08,228.50851400000002
2010-07-09,233.978973
2010-07-12,238.153152
2010-07-13,244.844849
2010-07-14,245.915909
2010-07-15,247.257263
2010-07-16,230.035034
2010-07-19,233.32331800000003
2010-07-20,241.036041
2010-07-21,238.98898300000002
2010-07-22,242.64764399999999
2010-07-23,245.27526899999998
2010-07-26,244.72973599999997
2010-07-27,246.561554
2010-07-28,242.417419
2010-07-29,242.737732
2010-07-30,242.667664
2010-08-02,245.45045499999998
2010-08-03,245.160156
2010-08-04,253.413406
2010-08-05,254.304306
2010-08-06,250.360367
2010-08-09,252.927933
2010-08-10,252.10710099999997
2010-08-11,246.116119
2010-08-12,246.25125099999997
2010-08-13,243.418411
2010-08-16,243.03804
2010-08-17,245.50550800000002
2010-08-18,241.316315
2010-08-19,234.219223
2010-08-20,231.241241
2010-08-23,232.267273
2010-08-24,225.920914
2010-08-25,227.53753700000001
2010-08-26,225.71571400000002
2010-08-27,229.644638
2010-08-30,226.571579
2010-08-31,225.235229
2010-09-01,230.39540099999996
2010-09-02,231.821823
2010-09-03,235.38539100000003
2010-09-07,232.43243399999997
2010-09-08,235.52552799999998
2010-09-09,238.328323
2010-09-10,238.308304
2010-09-13,241.376373
2010-09-14,240.45546000000002
2010-09-15,240.560562
2010-09-16,240.770767
2010-09-17,245.320328
2010-09-20,254.394394
2010-09-21,256.987
2010-09-22,258.25827000000004
2010-09-23,256.997009
2010-09-24,263.908905
2010-09-27,265.470459
2010-09-28,263.848846
2010-09-29,264.1091
2010-09-30,263.158173
2010-10-01,263.073059
2010-10-04,261.43643199999997
2010-10-05,269.38439900000003
2010-10-06,267.44244399999997
2010-10-07,265.270264
2010-10-08,268.443451
2010-10-11,269.689697
2010-10-12,270.965973
2010-10-13,271.92193599999996
2010-10-14,270.735748
2010-10-15,301.026031
2010-10-18,309.164154
2010-10-19,304.219208
2010-10-20,304.294281
2010-10-21,306.3013
2010-10-22,306.571564
2010-10-25,308.558563
2010-10-26,309.609619
2010-10-27,308.54354900000004
2010-10-28,309.599609
2010-10-29,307.157166
2010-11-01,307.8078
2010-11-02,308.108093
2010-11-03,310.400391
2010-11-04,312.447449
2010-11-05,312.852844
2010-11-08,313.6987
2010-11-09,312.722717
2010-11-10,311.75174
2010-11-11,308.9039
2010-11-12,301.94696
2010-11-15,298.03302
2010-11-16,292.152161
2010-11-17,292.067078
2010-11-18,298.578583
2010-11-19,295.710724
2010-11-22,295.905914
2010-11-23,291.796783
2010-11-24,297.78277599999996
2010-11-26,295.29528799999997
2010-11-29,291.346344
2010-11-30,278.133148
2010-12-01,282.45745800000003
2010-12-02,286.196198
2010-12-03,286.78677400000004
2010-12-06,289.46948199999997
2010-12-07,293.863861
2010-12-08,295.565552
2010-12-09,296.046051
2010-12-10,296.401398
2010-12-13,297.607605
2010-12-14,297.752747
2010-12-15,295.44543500000003
2010-12-16,296.151154
2010-12-17,295.69570899999997
2010-12-20,297.82782000000003
2010-12-21,301.836823
2010-12-22,303.048035
2010-12-23,302.417419
2010-12-27,301.491486
2010-12-28,299.759766
2010-12-29,300.800812
2010-12-30,299.729736
2010-12-31,297.282288
2011-01-03,302.47747799999996
2011-01-04,301.361359
2011-01-05,304.83984399999997
2011-01-06,307.057068
2011-01-07,308.528534
2011-01-10,307.412415
2011-01-11,308.313324
2011-01-12,308.743744
2011-01-13,308.653656
2011-01-14,312.402405
2011-01-18,320.135132
2011-01-19,316.191193
2011-01-20,313.6987
2011-01-21,306.221222
2011-01-24,305.845856
2011-01-25,310.26525899999996
2011-01-26,308.558563
2011-01-27,308.70370499999996
2011-01-28,300.79580699999997
2011-01-31,300.48046899999997
2011-02-01,305.825836
2011-02-02,306.306305
2011-02-03,305.38037099999997
2011-02-04,305.79580699999997
2011-02-07,307.452454
2011-02-08,309.49951200000004
2011-02-09,308.558563
2011-02-10,308.528534
2011-02-11,312.56256099999996
2011-02-14,314.389404
2011-02-15,312.38739
2011-02-16,312.42242400000003
2011-02-17,312.942932
2011-02-18,315.355347
2011-02-22,305.4104
2011-02-23,305.965973
2011-02-24,304.714722
2011-02-25,305.325317
2011-02-28,307.007019
2011-03-01,300.680695
2011-03-02,300.69570899999997
2011-03-03,305.085083
2011-03-04,300.610596
2011-03-07,296.126129
2011-03-08,296.45144700000003
2011-03-09,296.18118300000003
2011-03-10,290.44043
2011-03-11,288.643646
2011-03-14,285.280273
2011-03-15,285.065063
2011-03-16,278.828827
2011-03-17,280.96096800000004
2011-03-18,280.81082200000003
2011-03-21,288.538544
2011-03-22,288.948944
2011-03-23,291.371368
2011-03-24,293.738739
2011-03-25,290.16015600000003
2011-03-28,287.96795699999996
2011-03-29,291.156158
2011-03-30,291.211212
2011-03-31,293.673676
2011-04-01,296.196198
2011-04-04,294.134125
2011-04-05,284.829834
2011-04-06,287.37737999999996
2011-04-07,290.290283
2011-04-08,289.369354
2011-04-11,288.973969
2011-04-12,285.590576
2011-04-13,288.428436
2011-04-14,289.544556
2011-04-15,265.61560099999997
2011-04-18,263.683685
2011-04-19,261.026031
2011-04-20,263.128143
2011-04-21,262.81280499999997
2011-04-25,262.787781
2011-04-26,266.676666
2011-04-27,269.149139
2011-04-28,269.254242
2011-04-29,272.32232700000003
2011-05-02,269.549561
2011-05-03,267.212219
2011-05-04,268.163177
2011-05-05,267.402405
2011-05-06,267.917908
2011-05-09,269.1091
2011-05-10,271.60159300000004
2011-05-11,267.992981
2011-05-12,267.792786
2011-05-13,265.04003900000004
2011-05-16,259.46948199999997
2011-05-17,265.49548300000004
2011-05-18,265.170166
2011-05-19,265.8909
2011-05-20,262.277283
2011-05-23,259.454468
2011-05-24,259.389404
2011-05-25,260.095093
2011-05-26,259.32431
2011-05-27,260.710724
2011-05-31,264.77477999999996
2011-06-01,263.06304900000003
2011-06-02,264.294281
2011-06-03,261.801788
2011-06-06,260.790802
2011-06-07,259.77477999999996
2011-06-08,259.844849
2011-06-09,258.623627
2011-06-10,255.01001000000002
2011-06-13,252.617615
2011-06-14,254.439438
2011-06-15,251.72672999999998
2011-06-16,250.43544
2011-06-17,242.75274700000003
2011-06-20,242.53253199999997
2011-06-21,246.74675
2011-06-22,243.74874900000003
2011-06-23,240.35035699999997
2011-06-24,237.677673
2011-06-27,241.64164700000003
2011-06-28,247.072067
2011-06-29,249.034027
2011-06-30,253.44345099999998
2011-07-01,260.77578700000004
2011-07-05,266.486481
2011-07-06,267.947937
2011-07-07,273.573578
2011-07-08,266.261261
2011-07-11,263.9039
2011-07-12,267.272278
2011-07-13,269.39941400000004
2011-07-14,264.73474100000004
2011-07-15,299.1091
2011-07-18,297.767761
2011-07-19,301.576569
2011-07-20,297.972961
2011-07-21,303.798798
2011-07-22,309.424438
2011-07-25,309.799805
2011-07-26,311.571564
2011-07-27,303.91391
2011-07-28,305.77578700000004
2011-07-29,302.147156
2011-08-01,303.68869
2011-08-02,296.49649
2011-08-03,300.885895
2011-08-04,289.049042
2011-08-05,289.809814
2011-08-08,273.283295
2011-08-09,286.992004
2011-08-10,274.779785
2011-08-11,281.346344
2011-08-12,282.167175
2011-08-15,278.89389
2011-08-16,269.769775
2011-08-17,266.841827
2011-08-18,252.69268799999998
2011-08-19,245.705704
2011-08-22,249.334335
2011-08-23,259.669678
2011-08-24,261.906921
2011-08-25,260.280273
2011-08-26,263.693695
2011-08-29,269.809814
2011-08-30,270.62060499999995
2011-08-31,270.750763
2011-09-01,266.51651
2011-09-02,262.68267799999995
2011-09-06,261.351349
2011-09-07,267.282288
2011-09-08,267.747742
2011-09-09,262.687683
2011-09-12,265.325317
2011-09-13,265.02502400000003
2011-09-14,266.3013
2011-09-15,271.551544
2011-09-16,273.613617
2011-09-19,273.608612
2011-09-20,273.588593
2011-09-21,269.869873
2011-09-22,260.590576
2011-09-23,263.01800499999996
2011-09-26,266.211212
2011-09-27,269.93994100000003
2011-09-28,264.684692
2011-09-29,264.014008
2011-09-30,257.777771
2011-10-03,248.00801099999998
2011-10-04,251.201202
2011-10-05,252.6026
2011-10-06,257.61261
2011-10-07,257.81781
2011-10-10,268.85385099999996
2011-10-11,271.861847
2011-10-12,274.524536
2011-10-13,279.77477999999996
2011-10-14,296.136139
2011-10-17,291.49649
2011-10-18,295.550537
2011-10-19,290.640656
2011-10-20,292.127136
2011-10-21,295.540527
2011-10-24,298.508514
2011-10-25,291.871857
2011-10-26,293.448456
2011-10-27,299.634644
2011-10-28,300.370361
2011-10-31,296.616608
2011-11-01,289.61462400000005
2011-11-02,292.702698
2011-11-03,299.049042
2011-11-04,298.368378
2011-11-07,304.46948199999997
2011-11-08,306.476471
2011-11-09,300.77578700000004
2011-11-10,297.83783
2011-11-11,304.479492
2011-11-14,306.806793
2011-11-15,308.588593
2011-11-16,306.041046
2011-11-17,300.735748
2011-11-18,297.737732
2011-11-21,290.760773
2011-11-22,290.290283
2011-11-23,285.340332
2011-11-25,281.781769
2011-11-28,294.389404
2011-11-29,291.75674399999997
2011-11-30,299.994995
2011-12-01,307.1922
2011-12-02,310.490479
2011-12-05,313.138153
2011-12-06,312.197205
2011-12-07,312.007019
2011-12-08,308.333344
2011-12-09,314.024017
2011-12-12,313.007996
2011-12-13,313.128143
2011-12-14,309.34432999999996
2011-12-15,310.08007799999996
2011-12-16,313.293304
2011-12-19,311.226227
2011-12-20,315.50048799999996
2011-12-21,313.223236
2011-12-22,315.165161
2011-12-23,316.886902
2011-12-27,320.44543500000003
2011-12-28,320.170166
2011-12-29,321.52151499999997
2011-12-30,323.273285
2012-01-03,333.038025
2012-01-04,334.474487
2012-01-05,329.834839
2012-01-06,325.335327
2012-01-09,311.541534
2012-01-10,311.88189700000004
2012-01-11,313.293304
2012-01-12,315.135132
2012-01-13,312.8078
2012-01-17,314.604614
2012-01-18,316.771759
2012-01-19,320.105103
2012-01-20,293.2883
2012-01-23,293.05304
2012-01-24,290.755768
2012-01-25,285.030029
2012-01-26,284.33432
2012-01-27,290.280273
2012-01-30,289.134125
2012-01-31,290.34533700000003
2012-02-01,290.705719
2012-02-02,292.847839
2012-02-03,298.46347000000003
2012-02-06,304.849854
2012-02-07,303.68869
2012-02-08,305.230225
2012-02-09,306.036041
2012-02-10,303.25827000000004
2012-02-13,306.40640299999995
2012-02-14,305.185181
2012-02-15,303.08306899999997
2012-02-16,303.56356800000003
2012-02-17,302.62262000000004
2012-02-21,307.307312
2012-02-22,304.27426099999997
2012-02-23,303.35836800000004
2012-02-24,305.25524900000005
2012-02-27,304.95996099999996
2012-02-28,309.50451699999996
2012-02-29,309.434448
2012-03-01,311.511505
2012-03-02,310.935944
2012-03-05,307.432434
2012-03-06,302.78277599999996
2012-03-07,303.70370499999996
2012-03-08,303.873871
2012-03-09,300.425415
2012-03-12,302.877869
2012-03-13,309.199188
2012-03-14,308.303314
2012-03-15,310.875885
2012-03-16,312.832825
2012-03-19,317.307312
2012-03-20,317.062073
2012-03-21,320.310303
2012-03-22,323.348358
2012-03-23,321.616608
2012-03-26,324.98999
2012-03-27,323.833832
2012-03-28,328.208221
2012-03-29,324.529541
2012-03-30,320.940948
2012-04-02,323.783783
2012-04-03,321.631622
2012-04-04,317.892883
2012-04-05,316.476471
2012-04-09,315.735748
2012-04-10,313.743744
2012-04-11,318.29830899999996
2012-04-12,325.830841
2012-04-13,312.61261
2012-04-16,303.338348
2012-04-17,305.090088
2012-04-18,304.029022
2012-04-19,299.949951
2012-04-20,298.328339
2012-04-23,299.099091
2012-04-24,300.935944
2012-04-25,305.165161
2012-04-26,308.04303
2012-04-27,307.797791
2012-04-30,302.727722
2012-05-01,302.517517
2012-05-02,303.933929
2012-05-03,305.81582599999996
2012-05-04,298.783783
2012-05-07,304.079071
2012-05-08,306.70169100000004
2012-05-09,304.879883
2012-05-10,307.137146
2012-05-11,302.917908
2012-05-14,302.302307
2012-05-15,305.86087000000003
2012-05-16,314.779785
2012-05-17,311.836823
2012-05-18,300.50048799999996
2012-05-21,307.362366
2012-05-22,300.700714
2012-05-23,305.035034
2012-05-24,302.132141
2012-05-25,296.06106600000004
2012-05-29,297.467468
2012-05-30,294.409424
2012-05-31,290.720734
2012-06-01,285.77578700000004
2012-06-04,289.58459500000004
2012-06-05,285.490479
2012-06-06,290.575562
2012-06-07,289.404419
2012-06-08,290.51550299999997
2012-06-11,284.534546
2012-06-12,282.832825
2012-06-13,280.825836
2012-06-14,279.80481000000003
2012-06-15,282.537537
2012-06-18,285.710724
2012-06-19,291.056061
2012-06-20,289.044037
2012-06-21,282.887878
2012-06-22,286.026031
2012-06-25,280.630646
2012-06-26,282.62262000000004
2012-06-27,284.934937
2012-06-28,282.43743900000004
2012-06-29,290.325317
2012-07-02,290.525513
2012-07-03,294.209198
2012-07-05,298.25827000000004
2012-07-06,293.283295
2012-07-09,293.29830899999996
2012-07-10,291.141144
2012-07-11,285.88088999999997
2012-07-12,285.525513
2012-07-13,288.54855299999997
2012-07-16,287.747742
2012-07-17,288.653656
2012-07-18,290.670685
2012-07-19,296.826813
2012-07-20,305.715729
2012-07-23,308.06304900000003
2012-07-24,304.089081
2012-07-25,304.299286
2012-07-26,306.987
2012-07-27,317.797791
2012-07-30,316.466461
2012-07-31,316.801788
2012-08-01,316.656647
2012-08-02,314.689697
2012-08-03,320.985992
2012-08-06,321.73172
2012-08-07,320.590576
2012-08-08,321.43643199999997
2012-08-09,321.49649
2012-08-10,321.32132
2012-08-13,330.335327
2012-08-14,334.664673
2012-08-15,334.10409500000003
2012-08-16,336.771759
2012-08-17,338.908905
2012-08-20,338.108093
2012-08-21,335.090088
2012-08-22,338.928925
2012-08-23,338.738739
2012-08-24,339.65466299999997
2012-08-27,334.944946
2012-08-28,338.963959
2012-08-29,344.349335
2012-08-30,341.18118300000003
2012-08-31,342.887878
2012-09-04,340.86087000000003
2012-09-05,340.700714
2012-09-06,350.050049
2012-09-07,353.428436
2012-09-10,350.735748
2012-09-11,346.441437
2012-09-12,345.785797
2012-09-13,353.373383
2012-09-14,355.19518999999997
2012-09-17,355.34533700000003
2012-09-18,359.49951200000004
2012-09-19,364.114105
2012-09-20,364.424438
2012-09-21,367.362366
2012-09-24,375.065063
2012-09-25,374.954956
2012-09-26,377.107117
2012-09-27,378.628632
2012-09-28,377.627625
2012-10-01,381.271271
2012-10-02,378.873871
2012-10-03,381.631622
2012-10-04,384.409424
2012-10-05,384.209198
2012-10-08,379.299286
2012-10-09,372.417419
2012-10-10,372.652649
2012-10-11,376.11611899999997
2012-10-12,372.747742
2012-10-15,370.86087000000003
2012-10-16,372.722717
2012-10-17,378.123108
2012-10-18,347.847839
2012-10-19,341.236237
2012-10-22,339.674683
2012-10-23,340.51550299999997
2012-10-24,338.988983
2012-10-25,339.219208
2012-10-26,337.912903
2012-10-31,340.490479
2012-11-01,344.13912999999997
2012-11-02,344.30429100000003
2012-11-05,341.82180800000003
2012-11-06,341.201202
2012-11-07,333.89389
2012-11-08,326.471466
2012-11-09,331.846832
2012-11-12,333.283295
2012-11-13,329.85485800000004
2012-11-14,326.60159300000004
2012-11-15,323.953949
2012-11-16,323.91391
2012-11-19,334.43945299999996
2012-11-20,335.320313
2012-11-21,333.26828
2012-11-23,334.319305
2012-11-26,330.905914
2012-11-27,335.690704
2012-11-28,342.177185
2012-11-29,346.29129
2012-11-30,349.534546
2012-12-03,347.972961
2012-12-04,345.86087000000003
2012-12-05,344.254242
2012-12-06,345.910919
2012-12-07,342.447449
2012-12-10,343.05304
2012-12-11,348.788788
2012-12-12,349.12912
2012-12-13,351.70169100000004
2012-12-14,351.331329
2012-12-17,360.750763
2012-12-18,360.89590499999997
2012-12-19,360.41540499999996
2012-12-20,361.541534
2012-12-21,358.173187
2012-12-24,355.105103
2012-12-26,354.789795
2012-12-27,353.49850499999997
2012-12-28,350.355347
2012-12-31,354.044037
2013-01-02,361.987
2013-01-03,362.197205
2013-01-04,369.35434
2013-01-07,367.74273700000003
2013-01-08,367.017029
2013-01-09,369.429443
2013-01-10,371.111115
2013-01-11,370.365356
2013-01-14,361.987
2013-01-15,362.82782000000003
2013-01-16,357.952942
2013-01-17,356.016022
2013-01-18,352.607605
2013-01-22,351.78677400000004
2013-01-23,371.121124
2013-01-24,377.482483
2013-01-25,377.212219
2013-01-28,375.740753
2013-01-29,377.21722400000004
2013-01-30,377.292297
2013-01-31,378.223236
2013-02-01,388.188202
2013-02-04,379.88989300000003
2013-02-05,383.253265
2013-02-06,385.470459
2013-02-07,387.362366
2013-02-08,393.07806400000004
2013-02-11,391.60159300000004
2013-02-12,390.740753
2013-02-13,391.82180800000003
2013-02-14,394.30429100000003
2013-02-15,396.841827
2013-02-19,403.828827
2013-02-20,396.626617
2013-02-21,398.163177
2013-02-22,400.25524900000005
2013-02-25,395.780792
2013-02-26,395.46044900000004
2013-02-27,400.290283
2013-02-28,401.00100699999996
2013-03-01,403.49850499999997
2013-03-04,411.161163
2013-03-05,419.719727
2013-03-06,416.10611
2013-03-07,416.716705
2013-03-08,416.176178
2013-03-11,417.82782000000003
2013-03-12,414.219208
2013-03-13,413.068054
2013-03-14,411.18118300000003
2013-03-15,407.55755600000003
2013-03-18,404.299286
2013-03-19,406.066071
2013-03-20,407.762756
2013-03-21,406.036041
2013-03-22,405.56054700000004
2013-03-25,405.22522000000004
2013-03-26,406.616608
2013-03-27,401.73172
2013-03-28,397.492493
2013-04-01,400.996002
2013-04-02,406.926941
2013-04-03,403.50351
2013-04-04,397.932922
2013-04-05,391.91693100000003
2013-04-08,387.81280499999997
2013-04-09,389.214203
2013-04-10,395.485474
2013-04-11,395.590576
2013-04-12,395.42041
2013-04-15,391.356354
2013-04-16,397.082092
2013-04-17,391.671661
2013-04-18,383.338348
2013-04-19,400.335327
2013-04-22,400.455444
2013-04-23,404.35434
2013-04-24,407.132141
2013-04-25,404.954956
2013-04-26,401.111115
2013-04-29,409.93994100000003
2013-04-30,412.697693
2013-05-01,410.62564100000003
2013-05-02,415.220215
2013-05-03,423.283295
2013-05-06,431.206207
2013-05-07,429.044037
2013-05-08,437.252258
2013-05-09,436.17617800000005
2013-05-10,440.555542
2013-05-13,439.204193
2013-05-14,443.993988
2013-05-15,458.403412
2013-05-16,452.38739000000004
2013-05-17,455.045044
2013-05-20,454.719727
2013-05-21,453.93893399999996
2013-05-22,445.155151
2013-05-23,441.83682300000004
2013-05-24,437.09710700000005
2013-05-28,441.07608
2013-05-29,434.5896
2013-05-30,435.81582599999996
2013-05-31,436.046051
2013-06-03,434.249237
2013-06-04,429.97997999999995
2013-06-05,430.280273
2013-06-06,432.752747
2013-06-07,440.30529800000005
2013-06-10,445.555542
2013-06-11,440.34533700000003
2013-06-12,436.426422
2013-06-13,438.93893399999996
2013-06-14,437.957947
2013-06-17,443.5685730000001
2013-06-18,450.76077300000003
2013-06-19,450.7908019999999
2013-06-20,442.81280499999997
2013-06-21,440.90591399999994
2013-06-24,435.33032199999997
2013-06-25,433.53353899999996
2013-06-26,437.26226799999995
2013-06-27,438.97396900000007
2013-06-28,440.62564100000003
2013-07-01,444.38439900000003
2013-07-02,441.596588
2013-07-03,443.65866100000005
2013-07-05,447.1922
2013-07-08,452.997986
2013-07-09,453.073059
2013-07-10,453.44845599999996
2013-07-11,460.58056600000003
2013-07-12,461.961975
2013-07-15,462.8078
2013-07-16,460.26525899999996
2013-07-17,459.73474100000004
2013-07-18,455.795807
2013-07-19,448.74874900000003
2013-07-22,455.805817
2013-07-23,452.352356
2013-07-24,451.90191699999997
2013-07-25,444.29428099999996
2013-07-26,443.118103
2013-07-29,441.57656900000006
2013-07-30,445.90591399999994
2013-07-31,444.319305
2013-08-01,452.562561
2013-08-02,453.73873899999995
2013-08-05,452.952942
2013-08-06,448.73373399999997
2013-08-07,445.77078200000005
2013-08-08,446.77676399999996
2013-08-09,445.65066500000006
2013-08-12,443.198212
2013-08-13,441.066071
2013-08-14,435.34033200000005
2013-08-15,430.26025400000003
2013-08-16,428.883881
2013-08-19,433.25827000000004
2013-08-20,433.143158
2013-08-21,435.10009800000006
2013-08-22,437.29229699999996
2013-08-23,435.54052699999994
2013-08-26,433.62863200000004
2013-08-27,425.50048799999996
2013-08-28,424.69970700000005
2013-08-29,428.143158
2013-08-30,423.873871
2013-09-03,430.62060499999995
2013-09-04,436.25125099999997
2013-09-05,440.22021500000005
2013-09-06,440.230225
2013-09-09,444.469482
2013-09-10,444.77978499999995
2013-09-11,448.54354900000004
2013-09-12,446.97699000000006
2013-09-13,444.97997999999995
2013-09-16,444.32430999999997
2013-09-17,443.49850499999997
2013-09-18,452.112122
2013-09-19,449.644653
2013-09-20,452.007019
2013-09-23,443.693695
2013-09-24,443.86386100000004
2013-09-25,439.05404699999997
2013-09-26,439.524536
2013-09-27,438.633636
2013-09-30,438.393402
2013-10-01,443.94393899999994
2013-10-02,444.439453
2013-10-03,438.48349
2013-10-04,436.611603
2013-10-07,433.30331399999994
2013-10-08,427.26226799999995
2013-10-09,428.358368
2013-10-10,434.554565
2013-10-11,436.4314269999999
2013-10-14,438.4935
2013-10-15,441.446442
2013-10-16,449.46447800000004
2013-10-17,444.839844
2013-10-18,506.211212
2013-10-21,502.15216100000004
2013-10-22,504.003998
2013-10-23,516.221191
2013-10-24,513.288269
2013-10-25,508.108093
2013-10-28,508.007996
2013-10-29,518.6386110000001
2013-10-30,515.725708
2013-10-31,515.805786
2013-11-01,514.034058
2013-11-04,513.568542
2013-11-05,511.271271
2013-11-06,511.88690199999996
2013-11-07,504.479492
2013-11-08,508.523529
2013-11-11,505.800812
2013-11-12,506.396393
2013-11-13,516.75177
2013-11-14,518.133118
2013-11-15,517.297302
2013-11-18,516.291321
2013-11-19,513.113098
2013-11-20,511.66665599999993
2013-11-21,517.552551
2013-11-22,516.461487
2013-11-25,523.488464
2013-11-26,529.734741
2013-11-27,532.087097
2013-11-29,530.325317
2013-12-02,527.7677610000001
2013-12-03,527.157166
2013-12-04,529.619629
2013-12-05,529.1992190000001
2013-12-06,535.470459
2013-12-09,539.6096190000001
2013-12-10,542.8728639999999
2013-12-11,539.184204
2013-12-12,535.5155030000001
2013-12-13,530.9259030000001
2013-12-16,537.027039
2013-12-17,535.465454
2013-12-18,542.917908
2013-12-19,543.653625
2013-12-20,550.86084
2013-12-23,558.1080929999999
2013-12-24,556.476501
2013-12-26,559.289307
2013-12-27,559.759766
2013-12-30,555.2852780000001
2013-12-31,560.9158940000001
2014-01-02,557.117126
2014-01-03,553.05304
2014-01-06,559.219238
2014-01-07,570.0
2014-01-08,571.186157
2014-01-09,565.6856690000001
2014-01-10,565.6556400000001
2014-01-13,562.052063
2014-01-14,575.2752690000001
2014-01-15,574.8848879999999
2014-01-16,578.6886599999999
2014-01-17,575.84082
2014-01-21,582.432434
2014-01-22,583.093079
2014-01-23,580.630615
2014-01-24,562.477478
2014-01-27,551.1661379999999
2014-01-28,562.067078
2014-01-29,554.014038
2014-01-30,568.263245
2014-01-31,591.07605
2014-02-03,567.282288
2014-02-04,569.649658
2014-02-05,572.17218
2014-02-06,580.5605469999999
2014-02-07,589.3093259999999
2014-02-10,587.052063
2014-02-11,595.6856690000001
2014-02-12,593.938965
2014-02-13,600.550537
2014-02-14,602.0020139999999
2014-02-18,606.046021
2014-02-19,601.77179
2014-02-20,602.657654
2014-02-21,602.4974980000001
2014-02-24,606.8618769999999
2014-02-25,610.610596
2014-02-26,610.695679
2014-02-27,610.21521
2014-02-28,608.433411
2014-03-03,601.94696
2014-03-04,608.063049
2014-03-05,609.739746
2014-03-06,610.415405
2014-03-07,608.0029910000001
2014-03-10,606.3914179999999
2014-03-11,600.5955809999999
2014-03-12,604.254272
2014-03-13,595.1251219999999
2014-03-14,586.987
2014-03-17,596.646667
2014-03-18,606.2362059999999
2014-03-19,600.22522
2014-03-20,599.179199
2014-03-21,592.112122
2014-03-24,579.544556
2014-03-25,579.939941
2014-03-26,566.551575
2014-03-27,557.697693
2014-03-28,560.63562
2014-03-31,557.812805
2014-04-01,568.013
2014-04-02,568.118103
2014-04-03,571.5
2014-04-04,545.25
2014-04-07,540.630005
2014-04-08,557.51001
2014-04-09,567.039978
2014-04-10,546.6900019999999
2014-04-11,537.76001
2014-04-14,545.200012
2014-04-15,548.700012
2014-04-16,563.900024
2014-04-17,543.340027
2014-04-21,539.369995
2014-04-22,545.5
2014-04-23,537.51001
2014-04-24,534.4400019999999
2014-04-25,523.099976
2014-04-28,522.97998
2014-04-29,536.330017
2014-04-30,534.880005
2014-05-01,538.530029
2014-05-02,533.869995
2014-05-05,535.330017
2014-05-06,522.570007
2014-05-07,518.0
2014-05-08,520.169983
2014-05-09,526.619995
2014-05-12,538.429993
2014-05-13,541.539978
2014-05-14,534.409973
2014-05-15,529.119995
2014-05-16,528.299988
2014-05-19,538.830017
2014-05-20,540.3900150000001
2014-05-21,549.700012
2014-05-22,555.450012
2014-05-23,563.799988
2014-05-27,574.869995
2014-05-28,570.450012
2014-05-29,570.5599980000001
2014-05-30,571.650024
2014-06-02,564.340027
2014-06-03,554.51001
2014-06-04,553.76001
2014-06-05,564.929993
2014-06-06,566.030029
2014-06-09,570.72998
2014-06-10,568.299988
2014-06-11,567.5
2014-06-12,559.5
2014-06-13,560.349976
2014-06-16,552.299988
2014-06-17,550.619995
2014-06-18,560.659973
2014-06-19,564.98999
2014-06-20,566.52002
2014-06-23,574.289978
2014-06-24,572.539978
2014-06-25,585.929993
2014-06-26,584.77002
2014-06-27,585.6900019999999
2014-06-30,584.669983
2014-07-01,591.48999
2014-07-02,590.780029
2014-07-03,593.080017
2014-07-07,590.76001
2014-07-08,578.400024
2014-07-09,583.3599849999999
2014-07-10,580.039978
2014-07-11,586.650024
2014-07-14,594.26001
2014-07-15,593.0599980000001
2014-07-16,590.619995
2014-07-17,580.820007
2014-07-18,605.1099849999999
2014-07-21,598.4400019999999
2014-07-22,603.570007
2014-07-23,605.1900019999999
2014-07-24,603.01001
2014-07-25,598.080017
2014-07-28,599.02002
2014-07-29,593.950012
2014-07-30,595.4400019999999
2014-07-31,579.549988
2014-08-01,573.599976
2014-08-04,582.27002
2014-08-05,573.1400150000001
2014-08-06,574.48999
2014-08-07,571.8099980000001
2014-08-08,577.9400019999999
2014-08-11,577.25
2014-08-12,572.119995
2014-08-13,584.5599980000001
2014-08-14,584.650024
2014-08-15,583.710022
2014-08-18,592.700012
2014-08-19,597.1099849999999
2014-08-20,595.409973
2014-08-21,592.419983
2014-08-22,592.539978
2014-08-25,590.570007
2014-08-26,588.119995
2014-08-27,583.0
2014-08-28,580.320007
2014-08-29,582.3599849999999
2014-09-02,588.630005
2014-09-03,589.52002
2014-09-04,593.1400150000001
2014-09-05,597.780029
2014-09-08,601.630005
2014-09-09,591.969971
2014-09-10,593.419983
2014-09-11,591.1099849999999
2014-09-12,584.900024
2014-09-15,581.6400150000001
2014-09-16,588.780029
2014-09-17,593.289978
2014-09-18,597.27002
2014-09-19,605.400024
2014-09-22,597.27002
2014-09-23,591.179993
2014-09-24,598.419983
2014-09-25,585.25
2014-09-26,587.900024
2014-09-29,587.8099980000001
2014-09-30,588.409973
2014-10-01,579.630005
2014-10-02,580.880005
2014-10-03,586.25
2014-10-06,587.780029
2014-10-07,574.099976
2014-10-08,583.73999
2014-10-09,570.8099980000001
2014-10-10,555.1900019999999
2014-10-13,544.75
2014-10-14,548.6900019999999
2014-10-15,540.72998
2014-10-16,536.919983
2014-10-17,522.969971
2014-10-20,532.380005
2014-10-21,538.030029
2014-10-22,542.6900019999999
2014-10-23,553.650024
2014-10-24,548.900024
2014-10-27,549.880005
2014-10-28,558.9400019999999
2014-10-29,558.450012
2014-10-30,560.27002
2014-10-31,567.869995
2014-11-03,563.77002
2014-11-04,564.1900019999999
2014-11-05,555.950012
2014-11-06,551.6900019999999
2014-11-07,551.820007
2014-11-10,558.22998
2014-11-11,561.289978
2014-11-12,558.25
2014-11-13,556.4400019999999
2014-11-14,555.1900019999999
2014-11-17,546.6400150000001
2014-11-18,544.51001
2014-11-19,547.200012
2014-11-20,543.76001
2014-11-21,545.8900150000001
2014-11-24,547.47998
2014-11-25,549.22998
2014-11-26,547.72998
2014-11-28,549.080017
2014-12-01,539.650024
2014-12-02,538.590027
2014-12-03,536.969971
2014-12-04,542.580017
2014-12-05,528.080017
2014-12-08,530.72998
2014-12-09,536.1099849999999
2014-12-10,528.039978
2014-12-11,532.1099849999999
2014-12-12,521.51001
2014-12-15,515.840027
2014-12-16,498.160004
2014-12-17,506.450012
2014-12-18,514.619995
2014-12-19,520.039978
2014-12-22,532.299988
2014-12-23,538.77002
2014-12-24,536.929993
2014-12-26,541.52002
2014-12-29,537.3099980000001
2014-12-30,535.280029
2014-12-31,530.659973
2015-01-02,529.549988
2015-01-05,519.460022
2015-01-06,506.64001500000006
2015-01-07,505.14999400000005
2015-01-08,506.910004
2015-01-09,500.72000099999997
2015-01-12,497.05999800000006
2015-01-13,501.799988
2015-01-14,505.92999299999997
2015-01-15,504.01000999999997
2015-01-16,510.459991
2015-01-20,509.94000199999994
2015-01-21,520.3900150000001
2015-01-22,537.299988
2015-01-23,541.950012
2015-01-26,536.719971
2015-01-27,521.1900019999999
2015-01-28,512.429993
2015-01-29,513.22998
2015-01-30,537.549988
2015-02-02,532.200012
2015-02-03,533.299988
2015-02-04,526.099976
2015-02-05,529.830017
2015-02-06,533.880005
2015-02-09,529.280029
2015-02-10,540.159973
2015-02-11,538.0
2015-02-12,546.01001
2015-02-13,551.159973
2015-02-17,545.01001
2015-02-18,542.650024
2015-02-19,546.450012
2015-02-20,541.799988
2015-02-23,535.0
2015-02-24,538.650024
2015-02-25,547.330017
2015-02-26,559.289978
2015-02-27,562.630005
2015-03-02,575.02002
2015-03-03,578.789978
2015-03-04,578.330017
2015-03-05,581.429993
2015-03-06,572.900024
2015-03-09,574.099976
2015-03-10,559.849976
2015-03-11,555.6900019999999
2015-03-12,561.169983
2015-03-13,553.0
2015-03-16,561.6400150000001
2015-03-17,557.6099849999999
2015-03-18,566.159973
2015-03-19,563.669983
2015-03-20,564.950012
2015-03-23,565.369995
2015-03-24,577.539978
2015-03-25,567.0
2015-03-26,563.6400150000001
2015-03-27,557.549988
2015-03-30,561.1400150000001
2015-03-31,554.700012
2015-04-01,549.48999
2015-04-02,541.3099980000001
2015-04-06,543.950012
2015-04-07,544.8599849999999
2015-04-08,548.840027
2015-04-09,548.02002
2015-04-10,548.539978
2015-04-13,548.6400150000001
2015-04-14,539.780029
2015-04-15,541.039978
2015-04-16,543.52002
2015-04-17,532.73999
2015-04-20,544.530029
2015-04-21,542.919983
2015-04-22,549.179993
2015-04-23,557.460022
2015-04-24,573.659973
2015-04-27,566.119995
2015-04-28,564.369995
2015-04-29,561.3900150000001
2015-04-30,548.77002
2015-05-01,551.159973
2015-05-04,552.840027
2015-05-05,543.039978
2015-05-06,535.080017
2015-05-07,542.039978
2015-05-08,548.950012
2015-05-11,545.780029
2015-05-12,538.72998
2015-05-13,539.48999
2015-05-14,549.200012
2015-05-15,546.48999
2015-05-18,546.669983
2015-05-19,549.280029
2015-05-20,552.51001
2015-05-21,556.8099980000001
2015-05-22,554.52002
2015-05-26,547.1900019999999
2015-05-27,554.25
2015-05-28,554.179993
2015-05-29,545.320007
2015-06-01,549.210022
2015-06-02,553.950012
2015-06-03,555.289978
2015-06-04,551.6900019999999
2015-06-05,549.530029
2015-06-08,543.47998
2015-06-09,542.159973
2015-06-10,552.599976
2015-06-11,550.039978
2015-06-12,547.469971
2015-06-15,543.0
2015-06-16,544.869995
2015-06-17,546.599976
2015-06-18,556.179993
2015-06-19,557.52002
2015-06-22,559.679993
2015-06-23,563.3900150000001
2015-06-24,558.570007
2015-06-25,557.950012
2015-06-26,553.0599980000001
2015-06-29,541.25
2015-06-30,540.039978
2015-07-01,543.299988
2015-07-02,547.340027
2015-07-06,545.619995
2015-07-07,550.030029
2015-07-08,541.700012
2015-07-09,544.650024
2015-07-10,556.1099849999999
2015-07-13,571.72998
2015-07-14,584.179993
2015-07-15,583.960022
2015-07-16,601.780029
2015-07-17,699.619995
2015-07-20,692.840027
2015-07-21,695.349976
2015-07-22,695.099976
2015-07-23,674.72998
2015-07-24,654.77002
2015-07-27,658.27002
2015-07-28,659.659973
2015-07-29,661.429993
2015-07-30,664.5599980000001
2015-07-31,657.5
2015-08-03,664.719971
2015-08-04,661.280029
2015-08-05,673.289978
2015-08-06,670.150024
2015-08-07,664.3900150000001
2015-08-10,663.1400150000001
2015-08-11,690.299988
2015-08-12,691.469971
2015-08-13,686.51001
2015-08-14,689.369995
2015-08-17,694.1099849999999
2015-08-18,688.72998
2015-08-19,694.039978
2015-08-20,679.47998
2015-08-21,644.030029
2015-08-24,618.1099849999999
2015-08-25,612.469971
2015-08-26,659.73999
2015-08-27,667.960022
2015-08-28,659.6900019999999
2015-08-31,647.820007
2015-09-01,629.5599980000001
2015-09-02,644.909973
2015-09-03,637.049988
2015-09-04,628.960022
2015-09-08,643.880005
2015-09-09,643.409973
2015-09-10,651.080017
2015-09-11,655.299988
2015-09-14,652.469971
2015-09-15,665.070007
2015-09-16,665.52002
2015-09-17,671.669983
2015-09-18,660.919983
2015-09-21,666.97998
2015-09-22,653.200012
2015-09-23,653.289978
2015-09-24,654.909973
2015-09-25,640.150024
2015-09-28,624.25
2015-09-29,622.6099849999999
2015-09-30,638.369995
2015-10-01,642.0
2015-10-02,656.98999
2015-10-05,671.679993
2015-10-06,671.6400150000001
2015-10-07,670.0
2015-10-08,667.0
2015-10-09,671.23999
2015-10-12,676.429993
2015-10-13,683.169983
2015-10-14,680.409973
2015-10-15,693.02002
2015-10-16,695.320007
2015-10-19,699.950012
2015-10-20,680.0
2015-10-21,671.799988
2015-10-22,681.1400150000001
2015-10-23,719.330017
2015-10-26,731.119995
2015-10-27,732.820007
2015-10-28,736.919983
2015-10-29,744.849976
2015-10-30,737.3900150000001
2015-11-02,747.73999
2015-11-03,748.820007
2015-11-04,755.3099980000001
2015-11-05,760.669983
2015-11-06,761.599976
2015-11-09,754.77002
2015-11-10,758.26001
2015-11-11,765.25
2015-11-12,756.530029
2015-11-13,740.070007
2015-11-16,750.419983
2015-11-17,745.97998
2015-11-18,760.01001
2015-11-19,759.9400019999999
2015-11-20,777.0
2015-11-23,776.700012
2015-11-24,769.630005
2015-11-25,769.26001
2015-11-27,771.969971
2015-11-30,762.849976
2015-12-01,783.789978
2015-12-02,777.849976
2015-12-03,768.200012
2015-12-04,779.210022
2015-12-07,772.98999
2015-12-08,775.1400150000001
2015-12-09,762.549988
2015-12-10,760.039978
2015-12-11,750.419983
2015-12-14,762.539978
2015-12-15,760.090027
2015-12-16,776.590027
2015-12-17,769.830017
2015-12-18,756.849976
2015-12-21,760.799988
2015-12-22,767.130005
2015-12-23,768.51001
2015-12-24,765.840027
2015-12-28,782.23999
2015-12-29,793.960022
2015-12-30,790.299988
2015-12-31,778.01001
2016-01-04,759.4400019999999
2016-01-05,761.530029
2016-01-06,759.330017
2016-01-07,741.0
2016-01-08,730.909973
2016-01-11,733.070007
2016-01-12,745.340027
2016-01-13,719.570007
2016-01-14,731.3900150000001
2016-01-15,710.48999
2016-01-19,719.080017
2016-01-20,718.5599980000001
2016-01-21,726.669983
2016-01-22,745.460022
2016-01-25,733.619995
2016-01-26,733.789978
2016-01-27,717.580017
2016-01-28,748.299988
2016-01-29,761.349976
2016-02-01,770.77002
2016-02-02,780.909973
2016-02-03,749.380005
2016-02-04,730.030029
2016-02-05,703.76001
2016-02-08,704.159973
2016-02-09,701.02002
2016-02-10,706.849976
2016-02-11,706.3599849999999
2016-02-12,706.8900150000001
2016-02-16,717.6400150000001
2016-02-17,731.969971
2016-02-18,717.51001
2016-02-19,722.1099849999999
2016-02-22,729.049988
2016-02-23,717.289978
2016-02-24,720.900024
2016-02-25,729.119995
2016-02-26,724.8599849999999
2016-02-29,717.219971
2016-03-01,742.169983
2016-03-02,739.47998
2016-03-03,731.590027
2016-03-04,730.219971
2016-03-07,712.799988
2016-03-08,713.530029
2016-03-09,725.409973
2016-03-10,732.169983
2016-03-11,744.869995
2016-03-14,750.23999
2016-03-15,750.570007
2016-03-16,757.3599849999999
2016-03-17,758.47998
2016-03-18,755.409973
2016-03-21,762.159973
2016-03-22,760.049988
2016-03-23,757.5599980000001
2016-03-24,754.840027
2016-03-28,753.280029
2016-03-29,765.8900150000001
2016-03-30,768.340027
2016-03-31,762.900024
2016-04-01,769.669983
2016-04-04,765.119995
2016-04-05,758.570007
2016-04-06,768.070007
2016-04-07,760.119995
2016-04-08,759.469971
2016-04-11,757.539978
2016-04-12,764.320007
2016-04-13,771.909973
2016-04-14,775.3900150000001
2016-04-15,780.0
2016-04-18,787.679993
2016-04-19,776.25
2016-04-20,774.919983
2016-04-21,780.0
2016-04-22,737.77002
2016-04-25,742.210022
2016-04-26,725.369995
2016-04-27,721.460022
2016-04-28,705.0599980000001
2016-04-29,707.880005
2016-05-02,714.409973
2016-05-03,708.4400019999999
2016-05-04,711.369995
2016-05-05,714.710022
2016-05-06,725.179993
2016-05-09,729.130005
2016-05-10,739.380005
2016-05-11,730.549988
2016-05-12,728.070007
2016-05-13,724.830017
2016-05-16,730.299988
2016-05-17,720.1900019999999
2016-05-18,721.780029
2016-05-19,715.3099980000001
2016-05-20,721.710022
2016-05-23,717.25
2016-05-24,733.030029
2016-05-25,738.099976
2016-05-26,736.929993
2016-05-27,747.599976
2016-05-31,748.849976
2016-06-01,748.460022
2016-06-02,744.27002
2016-06-03,735.8599849999999
2016-06-06,730.0599980000001
2016-06-07,731.090027
2016-06-08,742.929993
2016-06-09,742.52002
2016-06-10,733.1900019999999
2016-06-13,731.880005
2016-06-14,733.25
2016-06-15,732.1900019999999
2016-06-16,724.25
2016-06-17,704.25
2016-06-20,706.130005
2016-06-21,708.880005
2016-06-22,710.469971
2016-06-23,714.869995
2016-06-24,685.200012
2016-06-27,681.1400150000001
2016-06-28,691.26001
2016-06-29,695.1900019999999
2016-06-30,703.530029
2016-07-01,710.25
2016-07-05,704.8900150000001
2016-07-06,708.969971
2016-07-07,707.26001
2016-07-08,717.780029
2016-07-11,727.200012
2016-07-12,732.51001
2016-07-13,729.47998
2016-07-14,735.799988
2016-07-15,735.630005
2016-07-18,753.200012
2016-07-19,753.409973
2016-07-20,757.080017
2016-07-21,754.409973
2016-07-22,759.280029
2016-07-25,757.52002
2016-07-26,757.650024
2016-07-27,761.969971
2016-07-28,765.840027
2016-07-29,791.340027
2016-08-01,800.9400019999999
2016-08-02,800.119995
2016-08-03,798.919983
2016-08-04,797.25
2016-08-05,806.929993
2016-08-08,805.22998
2016-08-09,807.47998
2016-08-10,808.48999
2016-08-11,808.200012
2016-08-12,807.049988
2016-08-15,805.960022
2016-08-16,801.1900019999999
2016-08-17,805.419983
2016-08-18,802.75
2016-08-19,799.650024
2016-08-22,796.950012
2016-08-23,796.590027
2016-08-24,793.599976
2016-08-25,791.299988
2016-08-26,793.219971
2016-08-29,795.820007
2016-08-30,791.919983
2016-08-31,789.849976
2016-09-01,791.400024
2016-09-02,796.869995
2016-09-06,808.02002
2016-09-07,807.98999
2016-09-08,802.840027
2016-09-09,788.47998
2016-09-12,798.820007
2016-09-13,788.719971
2016-09-14,790.460022
2016-09-15,801.22998
2016-09-16,797.969971
2016-09-19,795.3900150000001
2016-09-20,799.780029
2016-09-21,805.030029
2016-09-22,815.950012
2016-09-23,814.960022
2016-09-26,802.650024
2016-09-27,810.72998
2016-09-28,810.0599980000001
2016-09-29,802.6400150000001
2016-09-30,804.0599980000001
2016-10-03,800.380005
2016-10-04,802.789978
2016-10-05,801.22998
2016-10-06,803.080017
2016-10-07,800.710022
2016-10-10,814.169983
2016-10-11,809.570007
2016-10-12,811.77002
2016-10-13,804.080017
2016-10-14,804.599976
2016-10-17,806.840027
2016-10-18,821.48999
2016-10-19,826.840027
2016-10-20,821.630005
2016-10-21,824.0599980000001
2016-10-24,835.73999
2016-10-25,828.549988
2016-10-26,822.099976
2016-10-27,817.349976
2016-10-28,819.5599980000001
2016-10-31,809.900024
2016-11-01,805.47998
2016-11-02,788.419983
2016-11-03,782.1900019999999
2016-11-04,781.099976
2016-11-07,802.030029
2016-11-08,811.97998
2016-11-09,805.590027
2016-11-10,780.289978
2016-11-11,771.75
2016-11-14,753.219971
2016-11-15,775.159973
2016-11-16,779.97998
2016-11-17,786.159973
2016-11-18,775.969971
2016-11-21,784.799988
2016-11-22,785.0
2016-11-23,779.0
2016-11-25,780.22998
2016-11-28,785.789978
2016-11-29,789.4400019999999
2016-11-30,775.880005
2016-12-01,764.330017
2016-12-02,764.460022
2016-12-05,778.219971
2016-12-06,776.179993
2016-12-07,791.469971
2016-12-08,795.169983
2016-12-09,809.450012
2016-12-12,807.900024
2016-12-13,815.340027
2016-12-14,817.8900150000001
2016-12-15,815.650024
2016-12-16,809.840027
2016-12-19,812.5
2016-12-20,815.200012
2016-12-21,812.200012
2016-12-22,809.679993
2016-12-23,807.799988
2016-12-27,809.929993
2016-12-28,804.570007
2016-12-29,802.880005
2016-12-30,792.450012
2017-01-03,808.01001
2017-01-04,807.77002
2017-01-05,813.02002
2017-01-06,825.210022
2017-01-09,827.179993
2017-01-10,826.01001
2017-01-11,829.8599849999999
2017-01-12,829.530029
2017-01-13,830.9400019999999
2017-01-17,827.460022
2017-01-18,829.02002
2017-01-19,824.369995
2017-01-20,828.169983
2017-01-23,844.429993
2017-01-24,849.5300289999999
2017-01-25,858.4500119999999
2017-01-26,856.9799800000001
2017-01-27,845.0300289999999
2017-01-30,823.830017
2017-01-31,820.1900019999999
2017-02-01,815.23999
2017-02-02,818.26001
2017-02-03,820.130005
2017-02-06,821.619995
2017-02-07,829.22998
2017-02-08,829.880005
2017-02-09,830.0599980000001
2017-02-10,834.849976
2017-02-13,838.9600220000001
2017-02-14,840.0300289999999
2017-02-15,837.320007
2017-02-16,842.169983
2017-02-17,846.5499880000001
2017-02-21,849.2700199999999
2017-02-22,851.3599849999999
2017-02-23,851.0
2017-02-24,847.8099980000001
2017-02-27,849.669983
2017-02-28,844.929993
2017-03-01,856.75
2017-03-02,849.849976
2017-03-03,849.080017
2017-03-06,847.2700199999999
2017-03-07,851.150024
2017-03-08,853.6400150000001
2017-03-09,857.840027
2017-03-10,861.409973
2017-03-13,864.580017
2017-03-14,865.909973
2017-03-15,868.3900150000001
2017-03-16,870.0
2017-03-17,872.3699949999999
2017-03-20,867.909973
2017-03-21,850.1400150000001
2017-03-22,849.7999880000001
2017-03-23,839.650024
2017-03-24,835.1400150000001
2017-03-27,838.51001
2017-03-28,840.6300050000001
2017-03-29,849.8699949999999
2017-03-30,849.4799800000001
2017-03-31,847.7999880000001
2017-04-03,856.75
2017-04-04,852.570007
2017-04-05,848.909973
2017-04-06,845.099976
2017-04-07,842.099976
2017-04-10,841.7000119999999
2017-04-11,839.8800050000001
2017-04-12,841.4600220000001
2017-04-13,840.179993
2017-04-17,855.1300050000001
2017-04-18,853.98999
2017-04-19,856.51001
2017-04-20,860.080017
2017-04-21,858.9500119999999
2017-04-24,878.929993
2017-04-25,888.840027
2017-04-26,889.1400150000001
2017-04-27,891.4400019999999
2017-04-28,924.5200199999999
2017-05-01,932.820007
2017-05-02,937.090027
2017-05-03,948.4500119999999
2017-05-04,954.7199710000001
2017-05-05,950.2800289999999
2017-05-08,958.6900019999999
2017-05-09,956.7100220000001
2017-05-10,954.840027
2017-05-11,955.8900150000001
2017-05-12,955.1400150000001
2017-05-15,959.2199710000001
2017-05-16,964.6099849999999
2017-05-17,942.169983
2017-05-18,950.5
2017-05-19,954.650024
2017-05-22,964.070007
2017-05-23,970.5499880000001
2017-05-24,977.6099849999999
2017-05-25,991.8599849999999
2017-05-26,993.2700199999999
2017-05-30,996.169983
2017-05-31,987.090027
2017-06-01,988.2899779999999
2017-06-02,996.1199949999999
2017-06-05,1003.8800050000001
2017-06-06,996.679993
2017-06-07,1001.5
2017-06-08,1004.2800289999999
2017-06-09,970.1199949999999
2017-06-12,961.8099980000001
2017-06-13,970.5
2017-06-14,967.929993
2017-06-15,960.179993
2017-06-16,958.6199949999999
2017-06-19,975.2199710000001
2017-06-20,968.98999
2017-06-21,978.590027
2017-06-22,976.6199949999999
2017-06-23,986.090027
2017-06-26,972.090027
2017-06-27,948.090027
2017-06-28,961.01001
2017-06-29,937.820007
2017-06-30,929.679993
2017-07-03,919.4600220000001
2017-07-05,932.26001
2017-07-06,927.6900019999999
2017-07-07,940.8099980000001
2017-07-10,951.0
2017-07-11,953.5300289999999
2017-07-12,967.659973
2017-07-13,968.849976
2017-07-14,976.909973
2017-07-17,975.9600220000001
2017-07-18,986.9500119999999
2017-07-19,992.7700199999999
2017-07-20,992.1900019999999
2017-07-21,993.840027
2017-07-24,998.3099980000001
2017-07-25,969.0300289999999
2017-07-26,965.3099980000001
2017-07-27,952.51001
2017-07-28,958.330017
2017-07-31,945.5
2017-08-01,946.5599980000001
2017-08-02,947.6400150000001
2017-08-03,940.2999880000001
2017-08-04,945.7899779999999
2017-08-07,945.75
2017-08-08,944.1900019999999
2017-08-09,940.080017
2017-08-10,923.590027
2017-08-11,930.090027
2017-08-14,938.929993
2017-08-15,938.080017
2017-08-16,944.2700199999999
2017-08-17,927.659973
2017-08-18,926.179993
2017-08-21,920.8699949999999
2017-08-22,940.400024
2017-08-23,942.580017
2017-08-24,936.8900150000001
2017-08-25,930.5
2017-08-28,928.1300050000001
2017-08-29,935.75
2017-08-30,943.6300050000001
2017-08-31,955.23999
2017-09-01,951.98999
2017-09-05,941.4799800000001
2017-09-06,942.0200199999999
2017-09-07,949.8900150000001
2017-09-08,941.409973
2017-09-11,943.2899779999999
2017-09-12,946.650024
2017-09-13,950.4400019999999
2017-09-14,940.1300050000001
2017-09-15,935.2899779999999
2017-09-18,929.75
2017-09-19,936.8599849999999
2017-09-20,947.5399779999999
2017-09-21,947.5499880000001
2017-09-22,943.26001
2017-09-25,934.2800289999999
2017-09-26,937.429993
2017-09-27,959.900024
2017-09-28,964.8099980000001
2017-09-29,973.7199710000001
2017-10-02,967.4699710000001
2017-10-03,972.080017
2017-10-04,966.7800289999999
2017-10-05,985.1900019999999
2017-10-06,993.6400150000001
2017-10-09,992.3099980000001
2017-10-10,987.7999880000001
2017-10-11,1005.650024
2017-10-12,1005.650024
2017-10-13,1007.8699949999999
2017-10-16,1009.349976
2017-10-17,1011.0
2017-10-18,1012.73999
2017-10-19,1001.840027
2017-10-20,1005.070007
2017-10-23,985.5399779999999
2017-10-24,988.48999
2017-10-25,991.4600220000001
2017-10-26,991.419983
2017-10-27,1033.670044
2017-10-30,1033.130005
2017-10-31,1033.040039
2017-11-01,1042.599976
2017-11-02,1042.969971
2017-11-03,1049.98999
2017-11-06,1042.680054
2017-11-07,1052.390015
2017-11-08,1058.290039
2017-11-09,1047.719971
2017-11-10,1044.150024
2017-11-13,1041.199951
2017-11-14,1041.640015
2017-11-15,1036.410034
2017-11-16,1048.469971
2017-11-17,1035.890015
2017-11-20,1034.660034
2017-11-21,1050.300049
2017-11-22,1051.920044
2017-11-24,1056.52002
2017-11-27,1072.01001
2017-11-28,1063.290039
2017-11-29,1037.380005
2017-11-30,1036.170044
2017-12-01,1025.069946
2017-12-04,1011.8699949999999
2017-12-05,1019.599976
2017-12-06,1032.719971
2017-12-07,1044.569946
2017-12-08,1049.380005
2017-12-11,1051.969971
2017-12-12,1048.77002
2017-12-13,1051.390015
2017-12-14,1057.469971
2017-12-15,1072.0
2017-12-18,1085.089966
2017-12-19,1079.780029
2017-12-20,1073.560059
2017-12-21,1070.849976
2017-12-22,1068.859985
2017-12-26,1065.849976
2017-12-27,1060.199951
2017-12-28,1055.949951
2017-12-29,1053.400024
2018-01-02,1073.209961
2018-01-03,1091.52002
2018-01-04,1095.76001
2018-01-05,1110.290039
2018-01-08,1114.209961
2018-01-09,1112.790039
2018-01-10,1110.140015
2018-01-11,1112.050049
2018-01-12,1130.650024
2018-01-16,1130.699951
2018-01-17,1139.099976
2018-01-18,1135.969971
2018-01-19,1143.5
2018-01-22,1164.160034
2018-01-23,1176.170044
2018-01-24,1171.290039
2018-01-25,1182.140015
2018-01-26,1187.560059
2018-01-29,1186.47998
2018-01-30,1177.369995
2018-01-31,1182.219971
2018-02-01,1181.589966
2018-02-02,1119.199951
2018-02-05,1062.390015
2018-02-06,1084.430054
2018-02-07,1055.410034
2018-02-08,1007.7100220000001
2018-02-09,1046.27002
2018-02-12,1054.560059
2018-02-13,1054.140015
2018-02-14,1072.699951
2018-02-15,1091.359985
2018-02-16,1095.5
2018-02-20,1103.589966
2018-02-21,1113.75
2018-02-22,1109.900024
2018-02-23,1128.089966
2018-02-26,1143.699951
2018-02-27,1117.51001
2018-02-28,1103.920044
2018-03-01,1071.410034
2018-03-02,1084.140015
2018-03-05,1094.76001
2018-03-06,1100.900024
2018-03-07,1115.040039
2018-03-08,1129.380005
2018-03-09,1160.839966
2018-03-12,1165.930054
2018-03-13,1139.910034
2018-03-14,1148.890015
2018-03-15,1150.609985
2018-03-16,1134.420044
2018-03-19,1100.069946
2018-03-20,1095.800049
2018-03-21,1094.0
2018-03-22,1053.150024
2018-03-23,1026.550049
2018-03-26,1054.089966
2018-03-27,1006.9400019999999
2018-03-28,1005.179993
2018-03-29,1037.140015
2018-04-02,1012.6300050000001
2018-04-03,1018.679993
2018-04-04,1029.709961
2018-04-05,1032.640015
2018-04-06,1009.9500119999999
2018-04-09,1020.090027
2018-04-10,1036.5
2018-04-11,1025.060059
2018-04-12,1037.290039
2018-04-13,1036.040039
2018-04-16,1046.099976
2018-04-17,1079.359985
2018-04-18,1075.390015
2018-04-19,1089.449951
2018-04-20,1077.319946
2018-04-23,1073.810059
2018-04-24,1022.6400150000001
2018-04-25,1022.98999
2018-04-26,1043.310059
2018-04-27,1031.449951
2018-04-30,1018.580017
2018-05-01,1040.75
2018-05-02,1026.050049
2018-05-03,1026.300049
2018-05-04,1051.0
2018-05-07,1059.459961
2018-05-08,1058.589966
2018-05-09,1088.949951
2018-05-10,1105.469971
2018-05-11,1103.380005
2018-05-14,1106.599976
2018-05-15,1084.869995
2018-05-16,1084.089966
2018-05-17,1081.26001
2018-05-18,1069.640015
2018-05-21,1084.01001
2018-05-22,1075.310059
2018-05-23,1085.959961
2018-05-24,1085.449951
2018-05-25,1084.079956
2018-05-29,1068.069946
2018-05-30,1077.469971
2018-05-31,1100.0
2018-06-01,1135.0
2018-06-04,1153.040039
2018-06-05,1151.02002
2018-06-06,1146.949951
2018-06-07,1134.420044
2018-06-08,1132.709961
